id,relid,year,active_year,code_status,type_of_violence,conflict_dset_id,conflict_new_id,conflict_name,dyad_dset_id,dyad_new_id,dyad_name,side_a_dset_id,side_a_new_id,side_a,side_b_dset_id,side_b_new_id,side_b,number_of_sources,source_article,source_office,source_date,source_headline,source_original,where_prec,where_coordinates,where_description,adm_1,adm_2,latitude,longitude,geom_wkt,priogrid_gid,country,iso3,country_id,region,event_clarity,date_prec,date_start,date_end,deaths_a,deaths_b,deaths_civilians,deaths_unknown,best,high,low,gwnoa,gwnob
549887,NIG-2024-1-640-35,2024,true,Clear,1,297,297,Nigeria: Government,640,640,Government of Nigeria - JAS,84,84,Government of Nigeria,1051,1051,JAS,6,"""Agence France Presse,2024-11-01,Chad's army accused of killing scores of fishermen in Nigeria"";""RFI.fr,2024-11-02,Tchad: l'armee accusee d'avoir tue des dizaines de pecheurs du Borno lors des represailles contre Boko Haram"";""Jeune Afrique.com,2024-11-02,Au Tchad, le gouvernement dément « fermement » avoir visé des civils dans son opération contre Boko Haram"";""Barron's,2024-11-02,Chad Denies Anti-jihadist Operation Hit Civilians"";""News Central,2024-11-02,Chad Rejects Claims of Civilian Deaths in Airstrike on Lake Chad"";""Jeune Afrique.com,2024-11-02,Au Tchad, le gouvernement dément « fermement » avoir visé des civils dans son opération contre Boko Haram""",Agence France Presse;RFI.fr;Jeune Afrique.com;Barron's;News Central;Jeune Afrique.com,2024-11-01;2024-11-02;2024-11-02;2024-11-02;2024-11-02;2024-11-02,"Chad's army accused of killing scores of fishermen in Nigeria;Tchad: l'armee accusee d'avoir tue des dizaines de pecheurs du Borno lors des represailles contre Boko Haram;Au Tchad, le gouvernement dément « fermement » avoir visé des civils dans son opération contre Boko Haram;Chad Denies Anti-jihadist Operation Hit Civilians;Chad Rejects Claims of Civilian Deaths in Airstrike on Lake Chad;Au Tchad, le gouvernement dément « fermement » avoir visé des civils dans son opération contre Boko Haram",local sources; eyewitnesses,3,Kukawa lga,Tilma island in Kukawa district on the Nigerian side of Lake Chad,Borno state,Kukawa lga,12.963090,13.608990,POINT (13.60899 12.96309),147988,Nigeria,NGA,475,Africa,1,1,2024-10-31 00:00:00.000,2024-10-31 00:00:00.000,0,0,0,3,3,40,3,475,
381503,AFG-2021-3-973-16,2021,true,Clear,3,234,506,IS - Civilians,234,973,IS - Civilians,234,234,IS,9999,1,Civilians,1,"""The Punch,2021-01-09,Boko Haram kills commuters, seizes 11 vehicles in Borno""",The Punch,2021-01-09,"Boko Haram kills commuters, seizes 11 vehicles in Borno",eyewitnesses,1,Kingarwa village,"at Aligambori, near Gajiram, along the Maiduguri-Monguno Road in Borno State",Borno state,Guzamala lga,12.660130,13.369670,POINT (13.36967 12.66013),147987,Nigeria,NGA,475,Africa,1,1,2021-01-06 00:00:00.000,2021-01-06 00:00:00.000,0,0,2,0,2,2,2,,
390304,AFG-2021-3-973-606,2021,true,Clear,3,234,506,IS - Civilians,234,973,IS - Civilians,234,234,IS,9999,1,Civilians,1,"""BBC Monitoring Africa,2021-03-15,Nigeria's Boko Haram 'kills 22 herders' in north-east attack""",BBC Monitoring Africa,2021-03-15,Nigeria's Boko Haram 'kills 22 herders' in north-east attack,a local,3,Monguno lga,in Monguno region,Borno state,Monguno lga,12.578520,13.617270,POINT (13.61727 12.57852),147988,Nigeria,NGA,475,Africa,1,2,2021-03-13 00:00:00.000,2021-03-14 00:00:00.000,0,0,22,0,22,22,22,,
466930,AFG-2023-3-973-60,2023,true,Clear,3,234,506,IS - Civilians,234,973,IS - Civilians,234,234,IS,9999,1,Civilians,1,"""Zagazola,2023-03-07,Just in: ISWAP terrorists block """,Zagazola,2023-03-07,Just in: ISWAP terrorists block,Zagazola,5,Gajiram-Monguno road,Along Gajiram-  Monguno,Borno state,,12.652114,13.362951,POINT (13.362951 12.652114),147987,Nigeria,NGA,475,Africa,1,1,2023-03-07 00:00:00.000,2023-03-07 00:00:00.000,0,0,1,0,1,1,1,,
483504,AFG-2023-3-973-264,2023,true,Clear,3,234,506,IS - Civilians,234,973,IS - Civilians,234,234,IS,9999,1,Civilians,6,"""Crisis Watch,2023-08-03,Nigeria"";""Zagazola,2023-07-26,ISWAP targets Fulani herdsmen, kills 21 in Borno"";""Cronicles of lake chad,2023-08-01,Lake Chad Basin Weekly Security Update 24-30 July 2023"";""Agence France Presse,2023-07-27,Jihadists kill 32 in northeast Nigeria attacks"";""Reuters News,2023-07-26,Suspected ISWAP militants kill 25 in Nigeria's Borno state, residents say"";""Vanguard,2023-07-26,Cattle Rearing: Terrorists kill 21 Fulani herdsmen for ignoring their warning in Borno""",Crisis Watch;Zagazola;Cronicles of lake chad;Agence France Presse;Reuters News;Vanguard,2023-08-03;2023-07-26;2023-08-01;2023-07-27;2023-07-26;2023-07-26,"Nigeria;ISWAP targets Fulani herdsmen, kills 21 in Borno;Lake Chad Basin Weekly Security Update 24-30 July 2023;Jihadists kill 32 in northeast Nigeria attacks;Suspected ISWAP militants kill 25 in Nigeria's Borno state, residents say;Cattle Rearing: Terrorists kill 21 Fulani herdsmen for ignoring their warning in Borno","Zagazola, Habibu Ardo, a herder in the area, Bakura Mustapha, a local vigilante",2,Gudumbali town,"Kukawa, Gudumbali forest",Borno state,Guzamala lga,12.942840,13.178310,POINT (13.17831 12.94284),147987,Nigeria,NGA,475,Africa,1,1,2023-07-25 00:00:00.000,2023-07-25 00:00:00.000,0,0,25,0,25,25,18,,
511022,AFG-2024-3-973-33,2024,true,Clear,3,234,506,IS - Civilians,234,973,IS - Civilians,234,234,IS,9999,1,Civilians,1,"""Lake Chad Basin Weekly Security Update,2024-02-09,Lake Chad Basin Weekly Security Update 22 January-4 February 2024""",Lake Chad Basin Weekly Security Update,2024-02-09,Lake Chad Basin Weekly Security Update 22 January-4 February 2024,ISWAP claim,2,Kukawa town,"Near Kukawa, Kukawa LGA, Borno State",Borno state,Kukawa lga,12.924750,13.566170,POINT (13.56617 12.92475),147988,Nigeria,NGA,475,Africa,1,1,2024-01-26 00:00:00.000,2024-01-26 00:00:00.000,0,0,0,0,0,1,0,,
511023,AFG-2024-3-973-34,2024,true,Clear,3,234,506,IS - Civilians,234,973,IS - Civilians,234,234,IS,9999,1,Civilians,1,"""Lake Chad Basin Weekly Security Update,2024-02-09,Lake Chad Basin Weekly Security Update 22 January-4 February 2024""",Lake Chad Basin Weekly Security Update,2024-02-09,Lake Chad Basin Weekly Security Update 22 January-4 February 2024,ISWAP claim,2,Kukawa town,"Near Kukawa, Kukawa LGA, Borno State",Borno state,Kukawa lga,12.924750,13.566170,POINT (13.56617 12.92475),147988,Nigeria,NGA,475,Africa,1,1,2024-01-28 00:00:00.000,2024-01-28 00:00:00.000,0,0,0,0,0,2,0,,
524863,AFG-2024-3-973-156,2024,true,Clear,3,234,506,IS - Civilians,234,973,IS - Civilians,234,234,IS,9999,1,Civilians,4,"""Wamaps ,2024-05-30,#Nigeria "";""AllAfrica,2024-05-31,Residents Flee As ISWAP Terrorists Issue Ultimatum"";""Agence France Presse,2024-05-29,Nigeria jihadists kill around 30 in reprisal attacks"";""AllAfrica,2024-05-30,31 Killed, 40 Missing As Terrorists Attack Fishermen in Borno""",Wamaps ;AllAfrica;Agence France Presse;AllAfrica,2024-05-30;2024-05-31;2024-05-29;2024-05-30,"#Nigeria ;Residents Flee As ISWAP Terrorists Issue Ultimatum;Nigeria jihadists kill around 30 in reprisal attacks;31 Killed, 40 Missing As Terrorists Attack Fishermen in Borno","National President Fish Dealers Association of Nigeria, Mohammed Laminu",1,Kukawa town,Kukawa,Borno state,Kukawa lga,12.924750,13.566170,POINT (13.56617 12.92475),147988,Nigeria,NGA,475,Africa,1,1,2024-05-27 00:00:00.000,2024-05-27 00:00:00.000,0,0,36,0,36,36,36,,
544494,AFG-2024-3-973-267,2024,true,Clear,3,234,506,IS - Civilians,234,973,IS - Civilians,234,234,IS,9999,1,Civilians,1,"""@TomaszRolbiecki,2024-09-14,In a very rare event""",@TomaszRolbiecki,2024-09-14,In a very rare event,ISWAP claim (through TR),1,Limbori village,"Limberi, Abadam lga, Borno",Borno state,Abadam lga,13.332820,13.127430,POINT (13.12743 13.33282),148707,Nigeria,NGA,475,Africa,1,2,2024-09-12 00:00:00.000,2024-09-14 00:00:00.000,0,0,0,0,0,2,0,,
555366,AFG-2024-3-973-307,2024,true,Clear,3,234,506,IS - Civilians,234,973,IS - Civilians,234,234,IS,9999,1,Civilians,1,"""Daily Trust,2024-11-12,Boko Haram kills 3, kidnaps fishermen in Borno""",Daily Trust,2024-11-12,"Boko Haram kills 3, kidnaps fishermen in Borno","local source, CJTF source",2,Cross Kauwa village,"village of Malamyawri, Cross Kawu ward, near Lake Chad",Borno state,Kukawa lga,12.945150,13.672320,POINT (13.67232 12.94515),147988,Nigeria,NGA,475,Africa,1,1,2024-11-10 00:00:00.000,2024-11-10 00:00:00.000,0,0,3,0,3,3,0,,
381358,NIG-2021-1-14669-29,2021,true,Clear,1,13641,13641,Nigeria: Islamic State,14669,14669,Government of Nigeria - IS,84,84,Government of Nigeria,234,234,IS,1,"""@TomaszRolbiecki,2021-01-15,Yesterday's al-Naba features 2 new pieces""",@TomaszRolbiecki,2021-01-15,Yesterday's al-Naba features 2 new pieces,IS; al-Naba,3,Monguno lga,Monguno,Borno state,Monguno lga,12.578520,13.617270,POINT (13.61727 12.57852),147988,Nigeria,NGA,475,Africa,1,1,2021-01-05 00:00:00.000,2021-01-05 00:00:00.000,0,0,0,0,0,1,0,475,
381202,NIG-2021-1-14669-7,2021,true,Clear,1,13641,13641,Nigeria: Islamic State,14669,14669,Government of Nigeria - IS,84,84,Government of Nigeria,234,234,IS,1,"""@TomaszRolbiecki,2021-01-05,ISWAP claims to have killed 9""",@TomaszRolbiecki,2021-01-05,ISWAP claims to have killed 9,ISWAP,1,Malam Fatori village,in Mallam Fatori,Borno state,Abadam lga,13.673400,13.338800,POINT (13.3388 13.6734),149427,Nigeria,NGA,475,Africa,1,1,2021-01-05 00:00:00.000,2021-01-05 00:00:00.000,0,0,0,0,0,9,0,475,
381232,NIG-2021-1-14669-9,2021,true,Clear,1,13641,13641,Nigeria: Islamic State,14669,14669,Government of Nigeria - IS,84,84,Government of Nigeria,234,234,IS,1,"""@TomaszRolbiecki,2021-01-07,ISWAP claimed one more attack today""",@TomaszRolbiecki,2021-01-07,ISWAP claimed one more attack today,ISWAP,2,Malam Fatori village,on the road from Mallam Fatori to Bosso,Borno state,Abadam lga,13.673400,13.338800,POINT (13.3388 13.6734),149427,Nigeria,NGA,475,Africa,1,1,2021-01-06 00:00:00.000,2021-01-06 00:00:00.000,0,0,0,0,0,1,0,475,
381638,NIG-2021-1-14669-58,2021,true,Clear,1,13641,13641,Nigeria: Islamic State,14669,14669,Government of Nigeria - IS,84,84,Government of Nigeria,234,234,IS,1,"""The Guardian Nigeria,2021-01-22,Army kills terrorists, destroys five gun trucks, rescues commuters in Borno""",The Guardian Nigeria,2021-01-22,"Army kills terrorists, destroys five gun trucks, rescues commuters in Borno",Civilian JTF member,5,Gajiram-Monguno road,in the Gajiram/Monguno road; in the Ari/Gambouru/Gasarwa axis along Monguno road.,Borno state,,12.652114,13.362951,POINT (13.362951 12.652114),147987,Nigeria,NGA,475,Africa,1,1,2021-01-20 00:00:00.000,2021-01-20 00:00:00.000,0,2,0,0,2,2,2,475,
381550,NIG-2021-1-14669-56,2021,true,Clear,1,13641,13641,Nigeria: Islamic State,14669,14669,Government of Nigeria - IS,84,84,Government of Nigeria,234,234,IS,1,"""@TomaszRolbiecki,2021-02-02,ISWAP claimed 2 attacks today:""",@TomaszRolbiecki,2021-02-02,ISWAP claimed 2 attacks today:,ISWAP,1,Malam Fatori village,in Mallam Fatori,Borno state,Abadam lga,13.673400,13.338800,POINT (13.3388 13.6734),149427,Nigeria,NGA,475,Africa,1,1,2021-02-01 00:00:00.000,2021-02-01 00:00:00.000,0,0,0,0,0,1,0,475,
386580,NIG-2021-1-14669-87,2021,true,Clear,1,13641,13641,Nigeria: Islamic State,14669,14669,Government of Nigeria - IS,84,84,Government of Nigeria,234,234,IS,2,"""@TomaszRolbiecki,2021-02-09,ISWAP claimed 2 attacks today:"";""BBC Monitoring Africa,2021-02-11,IS claims multiple attacks against army in Nigeria""",@TomaszRolbiecki;BBC Monitoring Africa,2021-02-09;2021-02-11,ISWAP claimed 2 attacks today:;IS claims multiple attacks against army in Nigeria,IS,3,Monguno lga,on a checkpoint in Monguno,Borno state,Monguno lga,12.578520,13.617270,POINT (13.61727 12.57852),147988,Nigeria,NGA,475,Africa,1,1,2021-02-08 00:00:00.000,2021-02-08 00:00:00.000,0,0,0,0,0,3,0,475,
386629,NIG-2021-1-14669-96,2021,true,Clear,1,13641,13641,Nigeria: Islamic State,14669,14669,Government of Nigeria - IS,84,84,Government of Nigeria,234,234,IS,1,"""@TomaszRolbiecki,2021-02-16,ISWAP also claims to have destroyed""",@TomaszRolbiecki,2021-02-16,ISWAP also claims to have destroyed,IS,2,Malam Fatori village,on the road from Bosso to Mallam Fatori,Borno state,Abadam lga,13.673400,13.338800,POINT (13.3388 13.6734),149427,Nigeria,NGA,475,Africa,1,1,2021-02-15 00:00:00.000,2021-02-15 00:00:00.000,0,0,0,0,0,1,0,475,
386663,NIG-2021-1-14669-97,2021,true,Clear,1,13641,13641,Nigeria: Islamic State,14669,14669,Government of Nigeria - IS,84,84,Government of Nigeria,234,234,IS,1,"""@TomaszRolbiecki,2021-02-17,I did not post this claim yesterday""",@TomaszRolbiecki,2021-02-17,I did not post this claim yesterday,IS,1,Bindiri village,Bindiri,Borno state,Guzamala lga,12.811364,13.164377,POINT (13.164377 12.811364),147987,Nigeria,NGA,475,Africa,1,1,2021-02-16 00:00:00.000,2021-02-16 00:00:00.000,0,0,0,0,0,4,0,475,
386702,NIG-2021-1-14669-100,2021,true,Clear,1,13641,13641,Nigeria: Islamic State,14669,14669,Government of Nigeria - IS,84,84,Government of Nigeria,234,234,IS,1,"""@TomaszRolbiecki,2021-02-23,Back to yesterday's news - ISWAP claimed""",@TomaszRolbiecki,2021-02-23,Back to yesterday's news - ISWAP claimed,IS,5,Gajiram-Monguno road,on the road from Gajiram to Monguno,Borno state,,12.652114,13.362951,POINT (13.362951 12.652114),147987,Nigeria,NGA,475,Africa,1,1,2021-02-22 00:00:00.000,2021-02-22 00:00:00.000,0,0,0,0,0,1,0,475,
386752,NIG-2021-1-14669-107,2021,true,Clear,1,13641,13641,Nigeria: Islamic State,14669,14669,Government of Nigeria - IS,84,84,Government of Nigeria,234,234,IS,1,"""@TomaszRolbiecki,2021-03-02,A flurry of ISWAP claims this evening:""",@TomaszRolbiecki,2021-03-02,A flurry of ISWAP claims this evening:,IS,1,Baga village,Baga,Borno state,Kukawa lga,13.094660,13.823430,POINT (13.82343 13.09466),148708,Nigeria,NGA,475,Africa,1,1,2021-03-01 00:00:00.000,2021-03-01 00:00:00.000,0,0,0,0,0,5,0,475,
391666,NIG-2021-1-14669-120,2021,true,Clear,1,13641,13641,Nigeria: Islamic State,14669,14669,Government of Nigeria - IS,84,84,Government of Nigeria,234,234,IS,1,"""@TomaszRolbiecki,2021-03-08,2 more attacks were claimed on Friday: An IED attack in Mallam""",@TomaszRolbiecki,2021-03-08,2 more attacks were claimed on Friday: An IED attack in Mallam,IS,1,Malam Fatori village,in Mallam Fatori,Borno state,Abadam lga,13.673400,13.338800,POINT (13.3388 13.6734),149427,Nigeria,NGA,475,Africa,1,1,2021-03-04 00:00:00.000,2021-03-04 00:00:00.000,0,0,0,0,0,1,0,475,
391554,NIG-2021-1-14669-117,2021,true,Clear,1,13641,13641,Nigeria: Islamic State,14669,14669,Government of Nigeria - IS,84,84,Government of Nigeria,234,234,IS,3,"""HumAngle,2021-03-13,Updated: ISWAP Attacks Troops In Multiple Onslaughts In Borno"";""@CalibreObscura,2021-03-13,#Nigeria ISWA claims to have killed and wounded 10"";""@TomaszRolbiecki,2021-03-13,I haven't covered ISWAP claims in a moment so let's do""",HumAngle;@CalibreObscura;@TomaszRolbiecki,2021-03-13;2021-03-13;2021-03-13,Updated: ISWAP Attacks Troops In Multiple Onslaughts In Borno;#Nigeria ISWA claims to have killed and wounded 10;I haven't covered ISWAP claims in a moment so let's do,HumAngle; IS /// Calibre Obscura,1,Malam Fatori village,"in Malam Fatori, one of the furthest Nigerian towns",Borno state,Abadam lga,13.673400,13.338800,POINT (13.3388 13.6734),149427,Nigeria,NGA,475,Africa,1,1,2021-03-10 00:00:00.000,2021-03-10 00:00:00.000,0,0,0,0,0,1,0,475,
391826,NIG-2021-1-14669-138,2021,true,Clear,1,13641,13641,Nigeria: Islamic State,14669,14669,Government of Nigeria - IS,84,84,Government of Nigeria,234,234,IS,1,"""@TomaszRolbiecki,2021-04-02,ISWAP was really silent for a while, this ended yesterday, 3 statements were released:""",@TomaszRolbiecki,2021-04-02,"ISWAP was really silent for a while, this ended yesterday, 3 statements were released:",IS,2,Malam Fatori village,between Bosso and Mallam Fatori,Borno state,Abadam lga,13.673400,13.338800,POINT (13.3388 13.6734),149427,Nigeria,NGA,475,Africa,1,1,2021-03-31 00:00:00.000,2021-03-31 00:00:00.000,0,0,0,0,0,6,0,475,
398131,NIG-2021-1-14669-156.2,2021,true,Clear,1,13641,13641,Nigeria: Islamic State,14669,14669,Government of Nigeria - IS,84,84,Government of Nigeria,234,234,IS,2,"""PRNigeria,2021-04-08,Despite Missing Jet, NAF Airstrikes Eliminate ISWAP Leaders, Dozens of Fighters"";""@TomaszRolbiecki,2021-04-12,Sure Tomasz, you can take a break, nothing will happen over the weekend""",PRNigeria;@TomaszRolbiecki,2021-04-08;2021-04-12,"Despite Missing Jet, NAF Airstrikes Eliminate ISWAP Leaders, Dozens of Fighters;Sure Tomasz, you can take a break, nothing will happen over the weekend",military intelligence officer,1,Arijallamari village,"at Kusuma, Sigir in Ngala and Arijallamari in Abadam Local Government Areas",Borno state,Abadam lga,13.452662,13.490481,POINT (13.490481 13.452662),148707,Nigeria,NGA,475,Africa,1,2,2021-04-06 00:00:00.000,2021-04-08 00:00:00.000,0,9,0,0,9,8,9,475,
398132,NIG-2021-1-14669-156.3,2021,true,Clear,1,13641,13641,Nigeria: Islamic State,14669,14669,Government of Nigeria - IS,84,84,Government of Nigeria,234,234,IS,2,"""PRNigeria,2021-04-08,Despite Missing Jet, NAF Airstrikes Eliminate ISWAP Leaders, Dozens of Fighters"";""@TomaszRolbiecki,2021-04-12,Sure Tomasz, you can take a break, nothing will happen over the weekend""",PRNigeria;@TomaszRolbiecki,2021-04-08;2021-04-12,"Despite Missing Jet, NAF Airstrikes Eliminate ISWAP Leaders, Dozens of Fighters;Sure Tomasz, you can take a break, nothing will happen over the weekend",military intelligence officer,1,Sigir village,"at Kusuma, Sigir in Ngala and Arijallamari in Abadam Local Government Areas",Borno state,Ngala lga,12.678615,14.171438,POINT (14.171438 12.678615),147989,Nigeria,NGA,475,Africa,1,2,2021-04-06 00:00:00.000,2021-04-08 00:00:00.000,0,8,0,0,8,9,9,475,
405723,NIG-2021-1-14669-196,2021,true,Clear,1,13641,13641,Nigeria: Islamic State,14669,14669,Government of Nigeria - IS,84,84,Government of Nigeria,234,234,IS,1,"""@TomaszRolbiecki,2021-06-04,ISWAP (only talking about the Lake Chad part) claimed one new attack""",@TomaszRolbiecki,2021-06-04,ISWAP (only talking about the Lake Chad part) claimed one new attack,"ISWAP (Al-Naba, through @TomaszRolbiecki)",2,Mile four village,"in the Mile Four area (near Baga, I guess)",Borno state,Kukawa lga,13.065654,13.771354,POINT (13.771354 13.065654),148708,Nigeria,NGA,475,Africa,1,1,2021-06-14 00:00:00.000,2021-06-14 00:00:00.000,0,0,0,0,0,1,0,475,
414375,NIG-2021-1-14669-234,2021,true,Clear,1,13641,13641,Nigeria: Islamic State,14669,14669,Government of Nigeria - IS,84,84,Government of Nigeria,234,234,IS,1,"""@TomaszRolbiecki,2021-08-15,On Saturday, ISWAP claimed an ambush against an NA patrol near Mallam Fatori""",@TomaszRolbiecki,2021-08-15,"On Saturday, ISWAP claimed an ambush against an NA patrol near Mallam Fatori",IS,2,Malam Fatori village,near the town of (Malm Fatori) in the (Brno) region,Borno state,Abadam lga,13.673400,13.338800,POINT (13.3388 13.6734),149427,Nigeria,NGA,475,Africa,1,1,2021-08-14 00:00:00.000,2021-08-14 00:00:00.000,0,0,0,0,0,5,0,475,
414487,NIG-2021-1-14669-240,2021,true,Clear,1,13641,13641,Nigeria: Islamic State,14669,14669,Government of Nigeria - IS,84,84,Government of Nigeria,234,234,IS,1,"""HumAngle,2021-08-23,Nigerian Troops Fend Off ISWAP Ambush, Recover Weapons""",HumAngle,2021-08-23,"Nigerian Troops Fend Off ISWAP Ambush, Recover Weapons",the Authorities,1,Kingarwa village,along the notorious Gajiram axis of the Maiduguri-Monguno Road; at Ali Gambari village,Borno state,Guzamala lga,12.660130,13.369670,POINT (13.36967 12.66013),147987,Nigeria,NGA,475,Africa,1,1,2021-08-22 00:00:00.000,2021-08-22 00:00:00.000,0,3,0,0,3,3,3,475,
414070,NIG-2021-1-14669-226,2021,true,Clear,1,13641,13641,Nigeria: Islamic State,14669,14669,Government of Nigeria - IS,84,84,Government of Nigeria,234,234,IS,1,"""BBC Monitoring Africa,2021-08-29,IS claims killing 15 soldiers in Nigeria's Borno""",BBC Monitoring Africa,2021-08-29,IS claims killing 15 soldiers in Nigeria's Borno,IS,2,Malam Fatori village,near the town of Malam Fatori in Borno State,Borno state,Abadam lga,13.673400,13.338800,POINT (13.3388 13.6734),149427,Nigeria,NGA,475,Africa,1,2,2021-08-26 00:00:00.000,2021-08-28 00:00:00.000,0,0,0,0,0,15,0,475,
414068,NIG-2021-1-14669-225,2021,true,Clear,1,13641,13641,Nigeria: Islamic State,14669,14669,Government of Nigeria - IS,84,84,Government of Nigeria,234,234,IS,1,"""BBC Monitoring Africa,2021-08-28,IS claims deadly attack on army camp in Nigeria's Yobe""",BBC Monitoring Africa,2021-08-28,IS claims deadly attack on army camp in Nigeria's Yobe,IS,1,Malam Fatori village,in the town of Malam Fatori,Borno state,Abadam lga,13.673400,13.338800,POINT (13.3388 13.6734),149427,Nigeria,NGA,475,Africa,1,1,2021-08-26 00:00:00.000,2021-08-26 00:00:00.000,0,0,0,0,0,5,0,475,
416810,NIG-2021-1-14669-256,2021,true,Clear,1,13641,13641,Nigeria: Islamic State,14669,14669,Government of Nigeria - IS,84,84,Government of Nigeria,234,234,IS,2,"""PRNigeria,2021-09-24,Nigerian Troops Repel ISWAP Attacks at Borno Military Base, Yobe Community"";""@TomaszRolbiecki,2021-09-25,According to PRNigeria, on Thursday NA repelled the ISWAP attack in Mallam Fatori""",PRNigeria;@TomaszRolbiecki,2021-09-24;2021-09-25,"Nigerian Troops Repel ISWAP Attacks at Borno Military Base, Yobe Community;According to PRNigeria, on Thursday NA repelled the ISWAP attack in Mallam Fatori",IS,1,Malam Fatori village,in Mallam Fatori,Borno state,Abadam lga,13.673400,13.338800,POINT (13.3388 13.6734),149427,Nigeria,NGA,475,Africa,1,1,2021-09-23 00:00:00.000,2021-09-23 00:00:00.000,0,2,0,0,2,2,2,475,
420467,NIG-2021-1-14669-282,2021,true,Clear,1,13641,13641,Nigeria: Islamic State,14669,14669,Government of Nigeria - IS,84,84,Government of Nigeria,234,234,IS,1,"""TomaszRolbiecki,2021-10-18,A typical after-weekend update: ISWAP claimed two attacks on Friday. First, the group""",TomaszRolbiecki,2021-10-18,"A typical after-weekend update: ISWAP claimed two attacks on Friday. First, the group",IS,5,Gajiram-Monguno road,on the Monguno-Gajiram road,Borno state,,12.652114,13.362951,POINT (13.362951 12.652114),147987,Nigeria,NGA,475,Africa,1,1,2021-10-15 00:00:00.000,2021-10-15 00:00:00.000,0,0,0,0,0,10,0,475,
420626,NIG-2021-1-14669-290,2021,true,Clear,1,13641,13641,Nigeria: Islamic State,14669,14669,Government of Nigeria - IS,84,84,Government of Nigeria,234,234,IS,2,"""PRNigeria,2021-11-03,ISWAP kills 2 Policemen, 1 soldier during clearance Operation at Malam Fatori"";""BBC Monitoring Africa,2021-11-04,Nigerian militants kill policemen and soldier in northeast""",PRNigeria;BBC Monitoring Africa,2021-11-03;2021-11-04,"ISWAP kills 2 Policemen, 1 soldier during clearance Operation at Malam Fatori;Nigerian militants kill policemen and soldier in northeast",security source,1,Malam Fatori village,"at Malam Fatori, the headquarters of Abadam Local Government of Borno State",Borno state,Abadam lga,13.673400,13.338800,POINT (13.3388 13.6734),149427,Nigeria,NGA,475,Africa,1,1,2021-11-03 00:00:00.000,2021-11-03 00:00:00.000,3,0,0,0,3,3,3,475,
423316,NIG-2021-1-14669-295,2021,true,Clear,1,13641,13641,Nigeria: Islamic State,14669,14669,Government of Nigeria - IS,84,84,Government of Nigeria,234,234,IS,1,"""All Africa,2021-11-24,ISWAP Tax Collectors Killed in Military Airstrike""",All Africa,2021-11-24,ISWAP Tax Collectors Killed in Military Airstrike,Military sources,2,Baga village,"at Tumbum Kanta and Mangari, close to Baga in Kukawa local government Area of Borno State",Borno state,Kukawa lga,13.094660,13.823430,POINT (13.82343 13.09466),148708,Nigeria,NGA,475,Africa,1,2,2021-11-22 00:00:00.000,2021-11-24 00:00:00.000,0,13,0,0,13,13,13,475,
427799,NIG-2022-1-14669-2,2022,true,Clear,1,13641,13641,Nigeria: Islamic State,14669,14669,Government of Nigeria - IS,84,84,Government of Nigeria,234,234,IS,1,"""AllAfrica,2022-01-26,Using Super Tucano Fighter Jets, Nigerian Airforce Kills Notorious Iswap Commander, Ari, Others""",AllAfrica,2022-01-26,"Using Super Tucano Fighter Jets, Nigerian Airforce Kills Notorious Iswap Commander, Ari, Others",a security source; NAF Spokesman,1,Kirta Wulgo village,in Kurta Wulgo in Borno State,Borno state,Kukawa lga,12.793050,14.120870,POINT (14.12087 12.79305),147989,Nigeria,NGA,475,Africa,1,1,2022-01-25 00:00:00.000,2022-01-25 00:00:00.000,0,3,0,0,3,3,2,475,
434454,NIG-2022-1-14669-38,2022,true,Clear,1,13641,13641,Nigeria: Islamic State,14669,14669,Government of Nigeria - IS,84,84,Government of Nigeria,234,234,IS,1,"""BBC Monitoring Africa,2022-03-21,BBCM Africa Watchlist for 21 March""",BBC Monitoring Africa,2022-03-21,BBCM Africa Watchlist for 21 March,Daily Post,2,Sabon Tumbun village,in Sabon Tumbun area of Lake Chad,Borno state,Monguno lga,12.751480,13.973782,POINT (13.973782 12.75148),147988,Nigeria,NGA,475,Africa,1,4,2022-02-01 00:00:00.000,2022-02-28 00:00:00.000,0,0,0,0,0,1,0,475,
431473,NIG-2022-1-14669-29,2022,true,Clear,1,13641,13641,Nigeria: Islamic State,14669,14669,Government of Nigeria - IS,84,84,Government of Nigeria,234,234,IS,2,"""Mimi Mefo Info,2022-02-15,Lutte contre Boko Haram : L’armée Nigériane annonce la mort de Mohamed YUSUF"";""PRNigeria,2022-02-04,25 ISWAP Terrorists Drown in Marte River as Military Bombardments Kill Scores in Lake Chad""",Mimi Mefo Info;PRNigeria,2022-02-15;2022-02-04,Lutte contre Boko Haram : L’armée Nigériane annonce la mort de Mohamed YUSUF;25 ISWAP Terrorists Drown in Marte River as Military Bombardments Kill Scores in Lake Chad,Nigerian army,1,Bukar Meram village,in Bukar Mairam; in Marte,Borno state,Marte lga,12.639105,14.057779,POINT (14.057779 12.639105),147989,Nigeria,NGA,475,Africa,2,2,2022-02-03 00:00:00.000,2022-02-04 00:00:00.000,0,20,0,0,20,20,20,475,
430983,NIG-2022-1-14669-26.1,2022,true,Clear,1,13641,13641,Nigeria: Islamic State,14669,14669,Government of Nigeria - IS,84,84,Government of Nigeria,234,234,IS,1,"""Crisiswatch,2022-03-01,Nigeria FEBRUARY 2022""",Crisiswatch,2022-03-01,Nigeria FEBRUARY 2022,CrisisWatch,3,Monguno lga,Monguno and Marte areas,Borno state,Monguno lga,12.578520,13.617270,POINT (13.61727 12.57852),147988,Nigeria,NGA,475,Africa,2,2,2022-02-03 00:00:00.000,2022-02-04 00:00:00.000,0,13,0,0,13,12,13,475,
430980,NIG-2022-1-14669-25,2022,true,Clear,1,13641,13641,Nigeria: Islamic State,14669,14669,Government of Nigeria - IS,84,84,Government of Nigeria,234,234,IS,2,"""Crisiswatch,2022-03-01,Nigeria FEBRUARY 2022"";""@TomaszRolbiecki,2022-02-04,The most interesting attack was claimed today. There is no other info available""",Crisiswatch;@TomaszRolbiecki,2022-03-01;2022-02-04,Nigeria FEBRUARY 2022;The most interesting attack was claimed today. There is no other info available,CrisisWatch /// IS,1,Malam Fatori village,in Abadam area,Borno state,Abadam lga,13.673400,13.338800,POINT (13.3388 13.6734),149427,Nigeria,NGA,475,Africa,1,1,2022-02-04 00:00:00.000,2022-02-04 00:00:00.000,20,0,0,0,20,20,20,475,
431581,NIG-2022-1-14669-23.2,2022,true,Clear,1,13641,13641,Nigeria: Islamic State,14669,14669,Government of Nigeria - IS,84,84,Government of Nigeria,234,234,IS,3,"""AllAfrica,2022-02-21,Military Air Strikes Kill ISWAP's Top Commanders, 21 Insurgents"";""@TomaszRolbiecki,2022-02-20,Tumbun Kaiyowa: https://satellites.pro/Nigeria_map#13.553261,13.442802,16"";""PRNigeria,2022-02-20,Military Airstrikes Eliminate Buba-Danfulani, Other ISWAP Commanders at Tumbuns, Sambisa Forest""",AllAfrica;@TomaszRolbiecki;PRNigeria,2022-02-21;2022-02-20;2022-02-20,"Military Air Strikes Kill ISWAP's Top Commanders, 21 Insurgents;Tumbun Kaiyowa: https://satellites.pro/Nigeria_map#13.553261,13.442802,16;Military Airstrikes Eliminate Buba-Danfulani, Other ISWAP Commanders at Tumbuns, Sambisa Forest",a military source,1,Tumbun Kaiyowa village,Tumbun Kaiyowa,Borno state,Abadam lga,13.553369,13.443024,POINT (13.443024 13.553369),149427,Nigeria,NGA,475,Africa,2,4,2022-02-12 00:00:00.000,2022-02-20 00:00:00.000,0,10,0,0,10,11,10,475,
430709,NIG-2022-1-14669-23.1,2022,true,Clear,1,13641,13641,Nigeria: Islamic State,14669,14669,Government of Nigeria - IS,84,84,Government of Nigeria,234,234,IS,3,"""AllAfrica,2022-02-21,Military Air Strikes Kill ISWAP's Top Commanders, 21 Insurgents"";""@TomaszRolbiecki,2022-02-20,Tumbun Kaiyowa: https://satellites.pro/Nigeria_map#13.553261,13.442802,16"";""PRNigeria,2022-02-20,Military Airstrikes Eliminate Buba-Danfulani, Other ISWAP Commanders at Tumbuns, Sambisa Forest""",AllAfrica;@TomaszRolbiecki;PRNigeria,2022-02-21;2022-02-20;2022-02-20,"Military Air Strikes Kill ISWAP's Top Commanders, 21 Insurgents;Tumbun Kaiyowa: https://satellites.pro/Nigeria_map#13.553261,13.442802,16;Military Airstrikes Eliminate Buba-Danfulani, Other ISWAP Commanders at Tumbuns, Sambisa Forest",a military source,1,Tumbun Allura village,Tumbun Allura,Borno state,Abadam lga,13.524385,13.496058,POINT (13.496058 13.524385),149427,Nigeria,NGA,475,Africa,2,4,2022-02-12 00:00:00.000,2022-02-20 00:00:00.000,0,11,0,0,11,10,11,475,
437609,NIG-2022-1-14669-68,2022,true,Clear,1,13641,13641,Nigeria: Islamic State,14669,14669,Government of Nigeria - IS,84,84,Government of Nigeria,234,234,IS,2,"""PRNigeria,2022-03-20,ISWAP Fighters Evacuate Dead, Injured Colleagues After Military Forces Repel Attack on Army Base"";""Security Digest,2022-03-20,ISWAP Suffers More Casualties in Doron Baga""",PRNigeria;Security Digest,2022-03-20;2022-03-20,"ISWAP Fighters Evacuate Dead, Injured Colleagues After Military Forces Repel Attack on Army Base;ISWAP Suffers More Casualties in Doron Baga",a top Army Commander /// Zagazola Makama,1,Doron Baga village,"in Doron Baga, a community in Kukawa Local Government Area of Borno State",Borno state,Kukawa lga,13.121110,13.860320,POINT (13.86032 13.12111),148708,Nigeria,NGA,475,Africa,1,1,2022-03-19 00:00:00.000,2022-03-19 00:00:00.000,0,2,0,0,2,2,2,475,
434834,NIG-2022-1-14669-47,2022,true,Clear,1,13641,13641,Nigeria: Islamic State,14669,14669,Government of Nigeria - IS,84,84,Government of Nigeria,234,234,IS,1,"""@TomaszRolbiecki,2022-04-01,Check this, for example. ISWAP claimed to have killed six soldiers and CJTF men in Mallam Fatori""",@TomaszRolbiecki,2022-04-01,"Check this, for example. ISWAP claimed to have killed six soldiers and CJTF men in Mallam Fatori",IS; OTG sources,1,Malam Fatori village,in Mallam Fatori,Borno state,Abadam lga,13.673400,13.338800,POINT (13.3388 13.6734),149427,Nigeria,NGA,475,Africa,1,1,2022-03-29 00:00:00.000,2022-03-29 00:00:00.000,3,0,0,0,3,6,3,475,
437611,NIG-2022-1-14669-69,2022,true,Clear,1,13641,13641,Nigeria: Islamic State,14669,14669,Government of Nigeria - IS,84,84,Government of Nigeria,234,234,IS,2,"""The Guardian,2022-04-10,MNJTF kills ISWAP commander, 19 others in Borno"";""BBC Monitoring Africa,2022-04-17,Nigerian forces kill six senior ISWAP operatives""",The Guardian;BBC Monitoring Africa,2022-04-10;2022-04-17,"MNJTF kills ISWAP commander, 19 others in Borno;Nigerian forces kill six senior ISWAP operatives",Zagazola Makama; A top military source,1,Koloram village,"in Kwalaram Village, in Marte Local Council of the state",Borno state,Marte lga,12.571088,13.963203,POINT (13.963203 12.571088),147988,Nigeria,NGA,475,Africa,1,3,2022-04-03 00:00:00.000,2022-04-09 00:00:00.000,0,20,0,0,20,20,20,475,
436208,NIG-2022-1-14669-51,2022,true,Clear,1,13641,13641,Nigeria: Islamic State,14669,14669,Government of Nigeria - IS,84,84,Government of Nigeria,234,234,IS,1,"""AllAfrica,2022-04-11,18 ISWAP Terrorists Killed As Troops Intensify Clearance Operations in Lake Chad""",AllAfrica,2022-04-11,18 ISWAP Terrorists Killed As Troops Intensify Clearance Operations in Lake Chad,A top Military Intelligence source,2,Kangarwa village,in their harbour area near Kangarwa,Borno state,Kukawa lga,13.284200,13.486000,POINT (13.486 13.2842),148707,Nigeria,NGA,475,Africa,1,1,2022-04-04 00:00:00.000,2022-04-04 00:00:00.000,0,5,0,0,5,5,5,475,
501237,NIG-2022-1-14669-198.3,2022,true,Clear,1,13641,13641,Nigeria: Islamic State,14669,14669,Government of Nigeria - IS,84,84,Government of Nigeria,234,234,IS,1,"""AllAfrica,2022-04-11,18 ISWAP Terrorists Killed As Troops Intensify Clearance Operations in Lake Chad""",AllAfrica,2022-04-11,18 ISWAP Terrorists Killed As Troops Intensify Clearance Operations in Lake Chad,A top Military Intelligence source,2,Larki A village,"Gashigar, Larki (A&B), near Kangarwa. All in Abadam local government area of Borno State",Borno state,Abadam lga,13.480495,13.021670,POINT (13.0216701 13.4804952),148707,Nigeria,NGA,475,Africa,1,1,2022-04-04 00:00:00.000,2022-04-04 00:00:00.000,0,3,0,0,3,3,3,475,
501236,NIG-2022-1-14669-198.2,2022,true,Clear,1,13641,13641,Nigeria: Islamic State,14669,14669,Government of Nigeria - IS,84,84,Government of Nigeria,234,234,IS,1,"""AllAfrica,2022-04-11,18 ISWAP Terrorists Killed As Troops Intensify Clearance Operations in Lake Chad""",AllAfrica,2022-04-11,18 ISWAP Terrorists Killed As Troops Intensify Clearance Operations in Lake Chad,A top Military Intelligence source,2,Kangarwa village,"Gashigar, Larki (A&B), near Kangarwa. All in Abadam local government area of Borno State",Borno state,Kukawa lga,13.284200,13.486000,POINT (13.486 13.2842),148707,Nigeria,NGA,475,Africa,1,1,2022-04-04 00:00:00.000,2022-04-04 00:00:00.000,0,5,0,0,5,5,5,475,
436850,NIG-2022-1-14669-62,2022,true,Clear,1,13641,13641,Nigeria: Islamic State,14669,14669,Government of Nigeria - IS,84,84,Government of Nigeria,234,234,IS,1,"""HumAngle,2022-04-13,Nigerian Military Airstrikes Kill Fishermen In Lake Chad""",HumAngle,2022-04-13,Nigerian Military Airstrikes Kill Fishermen In Lake Chad,senior military personnel,5,Lake Chad area,"three fishing islands, comprising of Tumbun-Kare, Gadkari, and Tamangari",Borno state,,12.989201,13.832239,POINT (13.832239 12.989201),147988,Nigeria,NGA,475,Africa,1,1,2022-04-10 00:00:00.000,2022-04-10 00:00:00.000,0,0,1,0,1,1,1,475,
436356,NIG-2022-1-14669-52,2022,true,Clear,1,13641,13641,Nigeria: Islamic State,14669,14669,Government of Nigeria - IS,84,84,Government of Nigeria,234,234,IS,3,"""BBC Monitoring Africa,2022-04-17,Nigerian forces kill six senior ISWAP operatives"";""Agence France Presse,2022-04-16,Nigerian airstrikes kill 70 'terrorists'"";""AllAfrica,2022-04-21,Troops Kill 25 Terrorists, Rescue 6 Captives in Lake Chad""",BBC Monitoring Africa;Agence France Presse;AllAfrica,2022-04-17;2022-04-16;2022-04-21,"Nigerian forces kill six senior ISWAP operatives;Nigerian airstrikes kill 70 'terrorists';Troops Kill 25 Terrorists, Rescue 6 Captives in Lake Chad",Nigeria's airforce spokesman,2,Tumbun Rago village,at Tumbun Rego and a nearby training camp,Borno state,Abadam lga,13.481400,13.483791,POINT (13.483791 13.4814),148707,Nigeria,NGA,475,Africa,1,1,2022-04-14 00:00:00.000,2022-04-14 00:00:00.000,0,20,0,0,20,70,18,475,
438836,NIG-2022-1-14669-72.1,2022,true,Clear,1,13641,13641,Nigeria: Islamic State,14669,14669,Government of Nigeria - IS,84,84,Government of Nigeria,234,234,IS,1,"""Agence France Presse,2022-05-30,Lake Chad force says has killed 30 'terrorists'""",Agence France Presse,2022-05-30,Lake Chad force says has killed 30 'terrorists',Multinational Joint Task Force; an officer at the force's headquarters,1,Kirta Wulgo village,"in Kirta Wulgo, also in Borno state",Borno state,Kukawa lga,12.793050,14.120870,POINT (14.12087 12.79305),147989,Nigeria,NGA,475,Africa,2,3,2022-05-23 00:00:00.000,2022-05-29 00:00:00.000,0,5,0,0,5,5,5,475,
438837,NIG-2022-1-14669-73,2022,true,Clear,1,13641,13641,Nigeria: Islamic State,14669,14669,Government of Nigeria - IS,84,84,Government of Nigeria,234,234,IS,1,"""Agence France Presse,2022-05-30,Lake Chad force says has killed 30 'terrorists'""",Agence France Presse,2022-05-30,Lake Chad force says has killed 30 'terrorists',Multinational Joint Task Force; an officer at the force's headquarters,2,Tumbun Rago village,in the Tumbun Rago area in the northeastern Nigerian state of Borno,Borno state,Abadam lga,13.481400,13.483791,POINT (13.483791 13.4814),148707,Nigeria,NGA,475,Africa,2,3,2022-05-23 00:00:00.000,2022-05-29 00:00:00.000,0,26,0,0,26,26,26,475,
444842,NIG-2022-1-14669-105,2022,true,Clear,1,13641,13641,Nigeria: Islamic State,14669,14669,Government of Nigeria - IS,84,84,Government of Nigeria,234,234,IS,1,"""Zagazola,2022-07-20,FEATURE: Fear grips residents of North-East Nigeria over recurring ISWAP attacks  """,Zagazola,2022-07-20,FEATURE: Fear grips residents of North-East Nigeria over recurring ISWAP attacks,Zagazola,1,Monguno town,the town [Monguno],Borno state,Monguno lga,12.678630,13.607920,POINT (13.60792 12.67863),147988,Nigeria,NGA,475,Africa,1,2,2022-07-10 00:00:00.000,2022-07-12 00:00:00.000,0,0,0,0,0,2,0,475,
444819,NIG-2022-1-14669-104,2022,true,Clear,1,13641,13641,Nigeria: Islamic State,14669,14669,Government of Nigeria - IS,84,84,Government of Nigeria,234,234,IS,1,"""Zagazola,2022-07-20,FEATURE: Fear grips residents of North-East Nigeria over recurring ISWAP attacks  """,Zagazola,2022-07-20,FEATURE: Fear grips residents of North-East Nigeria over recurring ISWAP attacks,Zagazola,1,Monguno town,the town through Charlie 6 [Monguno],Borno state,Monguno lga,12.678630,13.607920,POINT (13.60792 12.67863),147988,Nigeria,NGA,475,Africa,1,1,2022-07-10 00:00:00.000,2022-07-10 00:00:00.000,0,0,2,0,2,2,2,475,
444595,NIG-2022-1-14669-98.1,2022,true,Clear,1,13641,13641,Nigeria: Islamic State,14669,14669,Government of Nigeria - IS,84,84,Government of Nigeria,234,234,IS,2,"""@TomaszRolbiecki,2022-07-18,The same post mentioned Nigerian Air Force airstrikes targeting ISWAP in Tumbun Jaki"";""Defence Headquarters Nigeria,2022-07-14,PRESS BRIEFING BY DIRECTORATE OF DEFENCE MEDIA OPERATIONS ON ARMED FORCES OF NIGERIA’S MILITARY OPERATIONS HELD AT DEFENCE HEADQUARTERS NEW CONFERENCE ROOM ON 14 JULY 2022""",@TomaszRolbiecki;Defence Headquarters Nigeria,2022-07-18;2022-07-14,The same post mentioned Nigerian Air Force airstrikes targeting ISWAP in Tumbun Jaki;PRESS BRIEFING BY DIRECTORATE OF DEFENCE MEDIA OPERATIONS ON ARMED FORCES OF NIGERIA’S MILITARY OPERATIONS HELD AT DEFENCE HEADQUARTERS NEW CONFERENCE ROOM ON 14 JULY 2022,Defence Headquarters,1,Tumbun Jaki village,in Tumbun Jaki,Borno state,Abadam lga,13.568279,13.460409,POINT (13.460409 13.568279),149427,Nigeria,NGA,475,Africa,1,1,2022-07-11 00:00:00.000,2022-07-11 00:00:00.000,0,11,0,0,11,11,11,475,
444596,NIG-2022-1-14669-98.2,2022,true,Clear,1,13641,13641,Nigeria: Islamic State,14669,14669,Government of Nigeria - IS,84,84,Government of Nigeria,234,234,IS,2,"""@TomaszRolbiecki,2022-07-18,The same post mentioned Nigerian Air Force airstrikes targeting ISWAP in Tumbun Jaki"";""Defence Headquarters Nigeria,2022-07-14,PRESS BRIEFING BY DIRECTORATE OF DEFENCE MEDIA OPERATIONS ON ARMED FORCES OF NIGERIA’S MILITARY OPERATIONS HELD AT DEFENCE HEADQUARTERS NEW CONFERENCE ROOM ON 14 JULY 2022""",@TomaszRolbiecki;Defence Headquarters Nigeria,2022-07-18;2022-07-14,The same post mentioned Nigerian Air Force airstrikes targeting ISWAP in Tumbun Jaki;PRESS BRIEFING BY DIRECTORATE OF DEFENCE MEDIA OPERATIONS ON ARMED FORCES OF NIGERIA’S MILITARY OPERATIONS HELD AT DEFENCE HEADQUARTERS NEW CONFERENCE ROOM ON 14 JULY 2022,Defence Headquarters,1,Tumbun Murhu village,"Tumbun Murhu (also known as Tumbun Murfu, https://satellites.pro/Nigeria_map#13.580982,13.423362,15)",Borno state,Abadam lga,13.580982,13.423362,POINT (13.423362 13.580982),149427,Nigeria,NGA,475,Africa,1,1,2022-07-11 00:00:00.000,2022-07-11 00:00:00.000,0,11,0,0,11,11,11,475,
444597,NIG-2022-1-14669-99,2022,true,Clear,1,13641,13641,Nigeria: Islamic State,14669,14669,Government of Nigeria - IS,84,84,Government of Nigeria,234,234,IS,1,"""@TomaszRolbiecki,2022-07-18,The weather in LCB had been bad recently, which hampered the militants' activity.""",@TomaszRolbiecki,2022-07-18,"The weather in LCB had been bad recently, which hampered the militants' activity.",IS,2,Malam Fatori village,near Mallam Fatori,Borno state,Abadam lga,13.673400,13.338800,POINT (13.3388 13.6734),149427,Nigeria,NGA,475,Africa,2,2,2022-07-14 00:00:00.000,2022-07-16 00:00:00.000,0,0,0,0,0,3,0,475,
447385,NIG-2022-1-14669-114,2022,true,Clear,1,13641,13641,Nigeria: Islamic State,14669,14669,Government of Nigeria - IS,84,84,Government of Nigeria,234,234,IS,1,"""Zagazola,2022-08-06,Troops nutrialised scores of ISWAP as its  foiled attack on Monguno""",Zagazola,2022-08-06,Troops nutrialised scores of ISWAP as its  foiled attack on Monguno,Intelligence Officer,1,Monguno town,"the town; in Monguno, in the North East of Borno state",Borno state,Monguno lga,12.678630,13.607920,POINT (13.60792 12.67863),147988,Nigeria,NGA,475,Africa,1,2,2022-08-04 00:00:00.000,2022-08-05 00:00:00.000,1,6,0,0,7,7,7,475,
447469,NIG-2022-1-14669-120,2022,true,Clear,1,13641,13641,Nigeria: Islamic State,14669,14669,Government of Nigeria - IS,84,84,Government of Nigeria,234,234,IS,1,"""Zagazola,2022-08-25,Military eliminates 57 terrorists, top commanders in 2 weeks""",Zagazola,2022-08-25,"Military eliminates 57 terrorists, top commanders in 2 weeks","Director, Defence Media Operations",5,Lake Chad area,in the Tumbuns near Lake Chad at a location revealed to be the training camp,Borno state,,12.989201,13.832239,POINT (13.832239 12.989201),147988,Nigeria,NGA,475,Africa,1,1,2022-08-20 00:00:00.000,2022-08-20 00:00:00.000,0,1,0,0,1,40,1,475,
464540,NIG-2022-1-14669-197.1,2022,true,Clear,1,13641,13641,Nigeria: Islamic State,14669,14669,Government of Nigeria - IS,84,84,Government of Nigeria,234,234,IS,1,"""Zagazola,2022-09-08,Nigerian Military comfirms Zagazola's report said Troops Kill Over 200 Terrorists in N/East Communities – DHQ""",Zagazola,2022-09-08,Nigerian Military comfirms Zagazola's report said Troops Kill Over 200 Terrorists in N/East Communities – DHQ,"The Director, Defence Media Operations, Major-General Musa Madami",3,Kukawa lga,"Kukawa, Dikwa, Bama, Kaga, Monguno, Guzamala, Konduga, Gwoza and Mafa Local Government Areas of Borno State as well as Gujba Local Government Area of Yobe State",Borno state,Kukawa lga,12.963090,13.608990,POINT (13.60899 12.96309),147988,Nigeria,NGA,475,Africa,2,4,2022-08-25 00:00:00.000,2022-09-08 00:00:00.000,0,6,0,0,6,5,5,475,
464546,NIG-2022-1-14669-197.5,2022,true,Clear,1,13641,13641,Nigeria: Islamic State,14669,14669,Government of Nigeria - IS,84,84,Government of Nigeria,234,234,IS,1,"""Zagazola,2022-09-08,Nigerian Military comfirms Zagazola's report said Troops Kill Over 200 Terrorists in N/East Communities – DHQ""",Zagazola,2022-09-08,Nigerian Military comfirms Zagazola's report said Troops Kill Over 200 Terrorists in N/East Communities – DHQ,"The Director, Defence Media Operations, Major-General Musa Madami",3,Monguno lga,"Kukawa, Dikwa, Bama, Kaga, Monguno, Guzamala, Konduga, Gwoza and Mafa Local Government Areas of Borno State as well as Gujba Local Government Area of Yobe State",Borno state,Monguno lga,12.578520,13.617270,POINT (13.61727 12.57852),147988,Nigeria,NGA,475,Africa,2,4,2022-08-25 00:00:00.000,2022-09-08 00:00:00.000,0,5,0,0,5,5,6,475,
464547,NIG-2022-1-14669-197.6,2022,true,Clear,1,13641,13641,Nigeria: Islamic State,14669,14669,Government of Nigeria - IS,84,84,Government of Nigeria,234,234,IS,1,"""Zagazola,2022-09-08,Nigerian Military comfirms Zagazola's report said Troops Kill Over 200 Terrorists in N/East Communities – DHQ""",Zagazola,2022-09-08,Nigerian Military comfirms Zagazola's report said Troops Kill Over 200 Terrorists in N/East Communities – DHQ,"The Director, Defence Media Operations, Major-General Musa Madami",3,Guzamala lga,"Kukawa, Dikwa, Bama, Kaga, Monguno, Guzamala, Konduga, Gwoza and Mafa Local Government Areas of Borno State as well as Gujba Local Government Area of Yobe State",Borno state,Guzamala lga,12.918490,13.213950,POINT (13.21395 12.91849),147987,Nigeria,NGA,475,Africa,2,4,2022-08-25 00:00:00.000,2022-09-08 00:00:00.000,0,5,0,0,5,5,6,475,
450330,NIG-2022-1-14669-137,2022,true,Clear,1,13641,13641,Nigeria: Islamic State,14669,14669,Government of Nigeria - IS,84,84,Government of Nigeria,234,234,IS,1,"""Zagazola,2022-09-07,Claims """,Zagazola,2022-09-07,Claims,Zagazola,1,Monguno town,Monguno in Borno State Nigeria,Borno state,Monguno lga,12.678630,13.607920,POINT (13.60792 12.67863),147988,Nigeria,NGA,475,Africa,1,2,2022-09-04 00:00:00.000,2022-09-07 00:00:00.000,0,1,0,0,1,4,1,475,
450370,NIG-2022-1-14669-143,2022,true,Clear,1,13641,13641,Nigeria: Islamic State,14669,14669,Government of Nigeria - IS,84,84,Government of Nigeria,234,234,IS,1,"""Zagazola ,2022-09-15,Military Kills 3 Commanders of ISWAP, Sores of fighters in NE""",Zagazola,2022-09-15,"Military Kills 3 Commanders of ISWAP, Sores of fighters in NE",Intelligence officer,2,Kangarwa village,The axis of Kangarwa in Kukawa LGA,Borno state,Kukawa lga,13.284200,13.486000,POINT (13.486 13.2842),148707,Nigeria,NGA,475,Africa,1,1,2022-09-14 00:00:00.000,2022-09-14 00:00:00.000,0,3,0,0,3,3,3,475,
450373,NIG-2022-1-14669-144,2022,true,Clear,1,13641,13641,Nigeria: Islamic State,14669,14669,Government of Nigeria - IS,84,84,Government of Nigeria,234,234,IS,1,"""Zagazola,2022-09-19,Troops of Operation Hadin Kai intercepted ISWAP terrorists""",Zagazola,2022-09-19,Troops of Operation Hadin Kai intercepted ISWAP terrorists,Zagazola,3,Monguno lga,Monguno,Borno state,Monguno lga,12.578520,13.617270,POINT (13.61727 12.57852),147988,Nigeria,NGA,475,Africa,1,1,2022-09-17 00:00:00.000,2022-09-17 00:00:00.000,0,1,0,0,1,1,1,475,
453099,NIG-2022-1-14669-163,2022,true,Clear,1,13641,13641,Nigeria: Islamic State,14669,14669,Government of Nigeria - IS,84,84,Government of Nigeria,234,234,IS,2,"""Zagazola,2022-11-06,Military Rockets Kill ISWAP ‘Consultation Chiefs’, Ali Kwaya, Bukar Mainoka at Lake Chad"";""Crisiswatch,2022-12-07,Nigeria: November 2022 """,Zagazola;Crisiswatch,2022-11-06;2022-12-07,"Military Rockets Kill ISWAP ‘Consultation Chiefs’, Ali Kwaya, Bukar Mainoka at Lake Chad;Nigeria: November 2022",Zagazola; CrisisWatch,3,Abadam lga,"Belowa, Tumbuns, Lake Chad Region in Abadam Local Government.",Borno state,Abadam lga,13.431620,13.313190,POINT (13.31319 13.43162),148707,Nigeria,NGA,475,Africa,1,1,2022-11-05 00:00:00.000,2022-11-05 00:00:00.000,0,3,0,0,3,15,3,475,
457130,NIG-2022-1-14669-168,2022,true,Clear,1,13641,13641,Nigeria: Islamic State,14669,14669,Government of Nigeria - IS,84,84,Government of Nigeria,234,234,IS,1,"""The Punch,2022-11-30,Airstrike kills ISWAP commander in Lake Chad region""",The Punch,2022-11-30,Airstrike kills ISWAP commander in Lake Chad region,Zagazola,5,Lake Chad area,Lake Chad region,Borno state,,12.989201,13.832239,POINT (13.832239 12.989201),147988,Nigeria,NGA,475,Africa,1,4,2022-11-22 00:00:00.000,2022-11-29 00:00:00.000,0,1,0,0,1,1,1,475,
457380,NIG-2022-1-14669-174,2022,true,Clear,1,13641,13641,Nigeria: Islamic State,14669,14669,Government of Nigeria - IS,84,84,Government of Nigeria,234,234,IS,1,"""Zagazola,2022-11-27,Troops Repel ISWAP Attack On Monguno, Kill 7 Insurgents """,Zagazola,2022-11-27,"Troops Repel ISWAP Attack On Monguno, Kill 7 Insurgents",Zagaola,1,Monguno town,"Monguno town, Borno state",Borno state,Monguno lga,12.678630,13.607920,POINT (13.60792 12.67863),147988,Nigeria,NGA,475,Africa,1,1,2022-11-27 00:00:00.000,2022-11-27 00:00:00.000,0,7,0,0,7,7,7,475,
457409,NIG-2022-1-14669-176,2022,true,Clear,1,13641,13641,Nigeria: Islamic State,14669,14669,Government of Nigeria - IS,84,84,Government of Nigeria,234,234,IS,1,"""Zagazola,2022-11-29,https://twitter.com/ZagazOlaMakama/status/1597608369984081921""",Zagazola,2022-11-29,https://twitter.com/ZagazOlaMakama/status/1597608369984081921,Zagazola,5,Lake Chad area,"Tumbun Hamma, Lake Chad",Borno state,,12.989201,13.832239,POINT (13.832239 12.989201),147988,Nigeria,NGA,475,Africa,1,1,2022-11-27 00:00:00.000,2022-11-27 00:00:00.000,0,24,0,0,24,24,24,475,
458730,NIG-2022-1-14669-186,2022,true,Clear,1,13641,13641,Nigeria: Islamic State,14669,14669,Government of Nigeria - IS,84,84,Government of Nigeria,234,234,IS,1,"""Zagazola,2022-12-23,140 Terrorists killed as Military Airstrikes Destroy ISWAP Enclaves in N/East""",Zagazola,2022-12-23,140 Terrorists killed as Military Airstrikes Destroy ISWAP Enclaves in N/East,Zagazola,2,Malam Fatori village,Mallam Fatori town in Abadam Local Government Area of Borno State,Borno state,Abadam lga,13.673400,13.338800,POINT (13.3388 13.6734),149427,Nigeria,NGA,475,Africa,1,1,2022-12-02 00:00:00.000,2022-12-02 00:00:00.000,0,6,0,0,6,6,4,475,
462709,NIG-2023-1-14669-8,2023,true,Clear,1,13641,13641,Nigeria: Islamic State,14669,14669,Government of Nigeria - IS,84,84,Government of Nigeria,234,234,IS,1,"""Radio Ndarson Internationale ,2023-01-18,Chad-Security: Review of FFM operations in the areas of operations (press release)""",Radio Ndarson Internationale,2023-01-18,Chad-Security: Review of FFM operations in the areas of operations (press release),,5,Lake Chad area,Kwatan Turare area near Baga,Borno state,,12.989201,13.832239,POINT (13.832239 12.989201),147988,Nigeria,NGA,475,Africa,1,1,2023-01-11 00:00:00.000,2023-01-11 00:00:00.000,0,2,0,0,2,2,2,475,
462855,NIG-2023-1-14669-14.1,2023,true,Clear,1,13641,13641,Nigeria: Islamic State,14669,14669,Government of Nigeria - IS,84,84,Government of Nigeria,234,234,IS,1,"""Zagazola,2023-01-26,Troops Kill 157 Terrorists as NAF Jets’ Destroy ISWAP Enclaves in Borno""",Zagazola,2023-01-26,Troops Kill 157 Terrorists as NAF Jets’ Destroy ISWAP Enclaves in Borno,Nigerian army statement,3,Kukawa lga,kwatan Turare and Azir Bri villages in Kukawa and Damboa Local Government Areas of Borno State,Borno state,Kukawa lga,12.963090,13.608990,POINT (13.60899 12.96309),147988,Nigeria,NGA,475,Africa,1,1,2023-01-12 00:00:00.000,2023-01-12 00:00:00.000,0,3,0,0,3,2,3,475,
462713,NIG-2023-1-14669-9,2023,true,Clear,1,13641,13641,Nigeria: Islamic State,14669,14669,Government of Nigeria - IS,84,84,Government of Nigeria,234,234,IS,1,"""Radio Ndarson Internationale ,2023-01-18,Chad-Security: Review of FFM operations in the areas of operations (press release)""",Radio Ndarson Internationale,2023-01-18,Chad-Security: Review of FFM operations in the areas of operations (press release),,1,Monguno town,"Monguno, Nigeria",Borno state,Monguno lga,12.678630,13.607920,POINT (13.60792 12.67863),147988,Nigeria,NGA,475,Africa,1,1,2023-01-15 00:00:00.000,2023-01-15 00:00:00.000,1,3,0,0,4,4,4,475,
463408,NIG-2023-1-14669-25,2023,true,Clear,1,13641,13641,Nigeria: Islamic State,14669,14669,Government of Nigeria - IS,84,84,Government of Nigeria,234,234,IS,1,"""Zagazola,2023-02-09,Troops neutralised 77 terrorists in 2 weeks""",Zagazola,2023-02-09,Troops neutralised 77 terrorists in 2 weeks,Zagazola,3,Kukawa lga,"Tumbun Barebare, Tumbun Mata, Kaye Kura, Kwatan Yobe and Dumba areas in Kukawa LGA of Borno",Borno state,Kukawa lga,12.963090,13.608990,POINT (13.60899 12.96309),147988,Nigeria,NGA,475,Africa,2,1,2023-02-06 00:00:00.000,2023-02-06 00:00:00.000,0,42,0,0,42,42,42,475,
466213,NIG-2023-1-14669-35.1,2023,true,Clear,1,13641,13641,Nigeria: Islamic State,14669,14669,Government of Nigeria - IS,84,84,Government of Nigeria,234,234,IS,1,"""Zagazola,2023-02-23,In Aggressive Raid, Nigerian Military Kills 133 ISWAP Fighters in N/East""",Zagazola,2023-02-23,"In Aggressive Raid, Nigerian Military Kills 133 ISWAP Fighters in N/East",Military statement,1,Baranga village,"Baranga and Dogon Chuku, both in Southern and Northern Tumbuns",Borno state,Marte lga,12.528833,13.964812,POINT (13.964812 12.528833),147988,Nigeria,NGA,475,Africa,2,1,2023-02-20 00:00:00.000,2023-02-20 00:00:00.000,0,2,0,0,2,1,1,475,
495962,NIG-2023-1-14669-35.2,2023,true,Clear,1,13641,13641,Nigeria: Islamic State,14669,14669,Government of Nigeria - IS,84,84,Government of Nigeria,234,234,IS,1,"""Zagazola,2023-02-23,In Aggressive Raid, Nigerian Military Kills 133 ISWAP Fighters in N/East""",Zagazola,2023-02-23,"In Aggressive Raid, Nigerian Military Kills 133 ISWAP Fighters in N/East",Military statement,1,Dogon chukwu village,"Baranga and Dogon Chuku, both in Southern and Northern Tumbuns",Borno state,Abadam lga,13.378014,13.504103,POINT (13.504103 13.378014),148708,Nigeria,NGA,475,Africa,2,1,2023-02-20 00:00:00.000,2023-02-20 00:00:00.000,0,1,0,0,1,2,1,475,
470616,NIG-2023-1-14669-52.2,2023,true,Clear,1,13641,13641,Nigeria: Islamic State,14669,14669,Government of Nigeria - IS,84,84,Government of Nigeria,234,234,IS,1,"""The Sun ,2023-03-19,Troops destroy 74 illegal refineries, arrest 71 oil thieves; 1,332 terrorists surrender in 2 weeks""",The Sun,2023-03-19,"Troops destroy 74 illegal refineries, arrest 71 oil thieves; 1,332 terrorists surrender in 2 weeks",Army statement,1,Cross Kauwa village,"Kauwa, Gamboru and Monguno in Borno State",Borno state,Kukawa lga,12.945150,13.672320,POINT (13.67232 12.94515),147988,Nigeria,NGA,475,Africa,1,1,2023-02-24 00:00:00.000,2023-02-24 00:00:00.000,0,1,0,0,1,1,1,475,
470617,NIG-2023-1-14669-52.3,2023,true,Clear,1,13641,13641,Nigeria: Islamic State,14669,14669,Government of Nigeria - IS,84,84,Government of Nigeria,234,234,IS,1,"""The Sun ,2023-03-19,Troops destroy 74 illegal refineries, arrest 71 oil thieves; 1,332 terrorists surrender in 2 weeks""",The Sun,2023-03-19,"Troops destroy 74 illegal refineries, arrest 71 oil thieves; 1,332 terrorists surrender in 2 weeks",Army statement,1,Monguno town,"Kauwa, Gamboru and Monguno in Borno State",Borno state,Monguno lga,12.678630,13.607920,POINT (13.60792 12.67863),147988,Nigeria,NGA,475,Africa,1,1,2023-02-24 00:00:00.000,2023-02-24 00:00:00.000,0,1,0,0,1,1,0,475,
475720,NIG-2023-1-14669-66,2023,true,Clear,1,13641,13641,Nigeria: Islamic State,14669,14669,Government of Nigeria - IS,84,84,Government of Nigeria,234,234,IS,1,"""Zagazola,2023-05-11,MNJTF Troops Neutralize Terrorists, 8 Others Surrender""",Zagazola,2023-05-11,"MNJTF Troops Neutralize Terrorists, 8 Others Surrender","A statement by the Chief Military Public Information Officer MNJTF N’Djamena, Lieutenant Colonel Kamarudeen Adegoke",2,Kirta Wulgo village,Around Kirta Wulgo,Borno state,Kukawa lga,12.793050,14.120870,POINT (14.12087 12.79305),147989,Nigeria,NGA,475,Africa,2,4,2023-04-25 00:00:00.000,2023-05-02 00:00:00.000,0,2,0,0,2,2,2,475,
474321,NIG-2023-1-14669-57,2023,true,Clear,1,13641,13641,Nigeria: Islamic State,14669,14669,Government of Nigeria - IS,84,84,Government of Nigeria,234,234,IS,1,"""Zagazola,2023-04-29,Claims""",Zagazola,2023-04-29,Claims,Zagazola,2,Malam Fatori village,close to Mallam Fatori,Borno state,Abadam lga,13.673400,13.338800,POINT (13.3388 13.6734),149427,Nigeria,NGA,475,Africa,1,2,2023-04-26 00:00:00.000,2023-04-29 00:00:00.000,1,0,0,0,1,1,1,475,
476009,NIG-2023-1-14669-79,2023,true,Clear,1,13641,13641,Nigeria: Islamic State,14669,14669,Government of Nigeria - IS,84,84,Government of Nigeria,234,234,IS,2,"""VOA,2023-05-29,Niger Says 55 Jihadists Killed in Joint Operation"";""Agence France Presse,2023-05-29,Niger says 55 jihadists killed in joint operation""",VOA;Agence France Presse,2023-05-29;2023-05-29,Niger Says 55 Jihadists Killed in Joint Operation;Niger says 55 jihadists killed in joint operation,Niger army statement,2,Arege village,"Arege, in northeastern Nigeria's border region with Niger",Borno state,Abadam lga,13.488950,13.329040,POINT (13.32904 13.48895),148707,Nigeria,NGA,475,Africa,2,4,2023-05-06 00:00:00.000,2023-05-28 00:00:00.000,2,39,0,0,41,41,41,475,
474593,NIG-2023-1-14669-64,2023,true,Clear,1,13641,13641,Nigeria: Islamic State,14669,14669,Government of Nigeria - IS,84,84,Government of Nigeria,234,234,IS,1,"""Zagazola,2023-05-11,Troops thwarted VBIED attack, killed several terrorists in Abadam""",Zagazola,2023-05-11,"Troops thwarted VBIED attack, killed several terrorists in Abadam",Zagazola,2,Arege village,"North East of Arege, in Abadam Local Government Area of Borno State",Borno state,Abadam lga,13.488950,13.329040,POINT (13.32904 13.48895),148707,Nigeria,NGA,475,Africa,1,2,2023-05-08 00:00:00.000,2023-05-11 00:00:00.000,0,10,0,0,10,10,10,475,
475901,NIG-2023-1-14669-78,2023,true,Clear,1,13641,13641,Nigeria: Islamic State,14669,14669,Government of Nigeria - IS,84,84,Government of Nigeria,234,234,IS,2,"""Vanguard,2023-05-11,Troops kill ISWAP terrorists in Borno"";""The Sun ,2023-05-18,Troops kill 42 terrorists, arrest 116 others in 2 weeks, destroy 38 illegal refineries""",Vanguard;The Sun,2023-05-11;2023-05-18,"Troops kill ISWAP terrorists in Borno;Troops kill 42 terrorists, arrest 116 others in 2 weeks, destroy 38 illegal refineries",Military statement,1,Arege village,Arege,Borno state,Abadam lga,13.488950,13.329040,POINT (13.32904 13.48895),148707,Nigeria,NGA,475,Africa,1,1,2023-05-10 00:00:00.000,2023-05-10 00:00:00.000,0,10,0,0,10,10,10,475,
475725,NIG-2023-1-14669-69,2023,true,Clear,1,13641,13641,Nigeria: Islamic State,14669,14669,Government of Nigeria - IS,84,84,Government of Nigeria,234,234,IS,3,"""Idris Muhammad Habib (Twitter) ,2023-05-11,2/2 Multiple terrorists were neutralized, and their gun tr"";""Zagazola,2023-05-11,Troops thwarted VBIED attack, killed several terrorists in Abadam"";""Hugo Kaaman (Twitter),2023-05-14,ISWAP just released a picture of the suicide bomber""",Idris Muhammad Habib (Twitter) ;Zagazola;Hugo Kaaman (Twitter),2023-05-11;2023-05-11;2023-05-14,"2/2 Multiple terrorists were neutralized, and their gun tr;Troops thwarted VBIED attack, killed several terrorists in Abadam;ISWAP just released a picture of the suicide bomber",,3,Abadam lga,"“Near Lake Chad” (Abadam LGA, Borno State)",Borno state,Abadam lga,13.431620,13.313190,POINT (13.31319 13.43162),148707,Nigeria,NGA,475,Africa,1,1,2023-05-11 00:00:00.000,2023-05-11 00:00:00.000,0,2,0,0,2,13,2,475,
475730,NIG-2023-1-14669-70,2023,true,Clear,1,13641,13641,Nigeria: Islamic State,14669,14669,Government of Nigeria - IS,84,84,Government of Nigeria,234,234,IS,1,"""Zagazola,2023-05-14,TROOPS OF THE MULTINATIONAL JOINT TASK FORCE SUSTAIN ONSLAUGHT ON TERRORISTS""",Zagazola,2023-05-14,TROOPS OF THE MULTINATIONAL JOINT TASK FORCE SUSTAIN ONSLAUGHT ON TERRORISTS,Zagazola,1,Arege village,"Arege (Abadam LGA, Borno State)",Borno state,Abadam lga,13.488950,13.329040,POINT (13.32904 13.48895),148707,Nigeria,NGA,475,Africa,1,1,2023-05-11 00:00:00.000,2023-05-11 00:00:00.000,0,3,0,0,3,3,2,475,
475737,NIG-2023-1-14669-73,2023,true,Clear,1,13641,13641,Nigeria: Islamic State,14669,14669,Government of Nigeria - IS,84,84,Government of Nigeria,234,234,IS,3,"""Zagazola,2023-05-15,Three soldiers killed, 10 others wounded in ISWAP VBIED attack in Borno"";""Reuters,2023-05-15,Islamist insurgents kill three Nigerian, Niger troops, wound 12"";""The Punch,2023-05-16,Insurgents kill three Nigerian, Nigerien soldiers, injure 12""",Zagazola;Reuters;The Punch,2023-05-15;2023-05-15;2023-05-16,"Three soldiers killed, 10 others wounded in ISWAP VBIED attack in Borno;Islamist insurgents kill three Nigerian, Niger troops, wound 12;Insurgents kill three Nigerian, Nigerien soldiers, injure 12",Zagazola,2,Tumbun Rago village,Tumbun Reza,Borno state,Abadam lga,13.481400,13.483791,POINT (13.483791 13.4814),148707,Nigeria,NGA,475,Africa,1,1,2023-05-14 00:00:00.000,2023-05-14 00:00:00.000,3,0,0,0,3,3,3,475,
476632,NIG-2023-1-14669-83,2023,true,Clear,1,13641,13641,Nigeria: Islamic State,14669,14669,Government of Nigeria - IS,84,84,Government of Nigeria,234,234,IS,1,"""Crisis Watch ,2023-06-06,Nigeria: May 2023 """,Crisis Watch,2023-06-06,Nigeria: May 2023,Crisis Watch,2,Arege village,Arege area in Borno state,Borno state,Abadam lga,13.488950,13.329040,POINT (13.32904 13.48895),148707,Nigeria,NGA,475,Africa,1,1,2023-05-14 00:00:00.000,2023-05-14 00:00:00.000,3,0,0,0,3,3,3,475,
476016,NIG-2023-1-14669-80,2023,true,Clear,1,13641,13641,Nigeria: Islamic State,14669,14669,Government of Nigeria - IS,84,84,Government of Nigeria,234,234,IS,1,"""Zagazola,2023-05-28,MNJTF troops eliminates 3 ISWAP terrorists in Lake Chad, one soldier wounded """,Zagazola,2023-05-28,"MNJTF troops eliminates 3 ISWAP terrorists in Lake Chad, one soldier wounded",Zagazola,2,Malam Fatori village,Fringes of Malam Fatori in Abadam Local Government Area in Borno,Borno state,Abadam lga,13.673400,13.338800,POINT (13.3388 13.6734),149427,Nigeria,NGA,475,Africa,2,1,2023-05-28 00:00:00.000,2023-05-28 00:00:00.000,0,3,0,0,3,3,3,475,
476673,NIG-2023-1-14669-84,2023,true,Clear,1,13641,13641,Nigeria: Islamic State,14669,14669,Government of Nigeria - IS,84,84,Government of Nigeria,234,234,IS,1,"""Tomasz Rolbiecki Weekly security Update ,2023-06-05,Lake Chad Basin Weekly security Update 29 May - 4 June """,Tomasz Rolbiecki Weekly security Update,2023-06-05,Lake Chad Basin Weekly security Update 29 May - 4 June,IS claim; Zagazola,2,Kangarwa village,"Metele-Kangarwa area (Abadam and Kukawa LGAs, Borno State",Borno state,Kukawa lga,13.284200,13.486000,POINT (13.486 13.2842),148707,Nigeria,NGA,475,Africa,1,1,2023-06-02 00:00:00.000,2023-06-02 00:00:00.000,2,0,0,0,2,20,2,475,
476626,NIG-2023-1-14669-82,2023,true,Clear,1,13641,13641,Nigeria: Islamic State,14669,14669,Government of Nigeria - IS,84,84,Government of Nigeria,234,234,IS,3,"""Agence France Presse,2023-06-06,Nigerian troops killed in jihadist ambush on convoy"";""Vanguard,2023-06-03,ISWAP kills 2 soldiers, wounds others in Borno"";""Zagazola,2023-06-04,Claims""",Agence France Presse;Vanguard;Zagazola,2023-06-06;2023-06-03;2023-06-04,"Nigerian troops killed in jihadist ambush on convoy;ISWAP kills 2 soldiers, wounds others in Borno;Claims",Zagazola,1,Arege village,Arege community in Malam Fatori of Abadam Local at Government Area of Borno State,Borno state,Abadam lga,13.488950,13.329040,POINT (13.32904 13.48895),148707,Nigeria,NGA,475,Africa,1,2,2023-06-02 00:00:00.000,2023-06-03 00:00:00.000,2,2,0,0,4,22,4,475,
482393,NIG-2023-1-14669-119.1,2023,true,Clear,1,13641,13641,Nigeria: Islamic State,14669,14669,Government of Nigeria - IS,84,84,Government of Nigeria,234,234,IS,2,"""Zagazola,2023-07-12,ISWAP/Boko Haram suffered devastating losses in Military Airstrikes "";""Chronicles of lake chad,2023-07-18,Lake Chad Basin Weekly Security Update 10-16 July 2023""",Zagazola;Chronicles of lake chad,2023-07-12;2023-07-18,ISWAP/Boko Haram suffered devastating losses in Military Airstrikes ;Lake Chad Basin Weekly Security Update 10-16 July 2023,Zagazola,1,Chikun Gudu village,"Chikun Gudu, Jibularam, Koloram, and Arinna Ciki",Borno state,Marte lga,12.550186,14.066448,POINT (14.066448 12.550186),147989,Nigeria,NGA,475,Africa,1,2,2023-07-09 00:00:00.000,2023-07-10 00:00:00.000,0,10,0,0,10,10,10,475,
495999,NIG-2023-1-14669-119.2,2023,true,Clear,1,13641,13641,Nigeria: Islamic State,14669,14669,Government of Nigeria - IS,84,84,Government of Nigeria,234,234,IS,2,"""Chronicles of lake chad,2023-07-18,Lake Chad Basin Weekly Security Update 10-16 July 2023"";""Zagazola,2023-07-12,ISWAP/Boko Haram suffered devastating losses in Military Airstrikes """,Chronicles of lake chad;Zagazola,2023-07-18;2023-07-12,Lake Chad Basin Weekly Security Update 10-16 July 2023;ISWAP/Boko Haram suffered devastating losses in Military Airstrikes,Zagazola,1,Arinna Ciki village,"Chikun Gudu, Jibularam, Koloram, and Arinna Ciki",Borno state,Marte lga,12.652775,13.982506,POINT (13.982506 12.652775),147988,Nigeria,NGA,475,Africa,1,2,2023-07-09 00:00:00.000,2023-07-10 00:00:00.000,0,10,0,0,10,10,10,475,
496000,NIG-2023-1-14669-119.3,2023,true,Clear,1,13641,13641,Nigeria: Islamic State,14669,14669,Government of Nigeria - IS,84,84,Government of Nigeria,234,234,IS,2,"""Chronicles of lake chad,2023-07-18,Lake Chad Basin Weekly Security Update 10-16 July 2023"";""Zagazola,2023-07-12,ISWAP/Boko Haram suffered devastating losses in Military Airstrikes """,Chronicles of lake chad;Zagazola,2023-07-18;2023-07-12,Lake Chad Basin Weekly Security Update 10-16 July 2023;ISWAP/Boko Haram suffered devastating losses in Military Airstrikes,Zagazola,1,Tunbun Buhari village,"Chikun Gudu, Jibularam, Koloram, and Arinna Ciki",Borno state,Monguno lga,12.716344,13.973795,POINT (13.973795 12.716344),147988,Nigeria,NGA,475,Africa,1,2,2023-07-09 00:00:00.000,2023-07-10 00:00:00.000,0,10,0,0,10,10,10,475,
496001,NIG-2023-1-14669-119.4,2023,true,Clear,1,13641,13641,Nigeria: Islamic State,14669,14669,Government of Nigeria - IS,84,84,Government of Nigeria,234,234,IS,2,"""Chronicles of lake chad,2023-07-18,Lake Chad Basin Weekly Security Update 10-16 July 2023"";""Zagazola,2023-07-12,ISWAP/Boko Haram suffered devastating losses in Military Airstrikes """,Chronicles of lake chad;Zagazola,2023-07-18;2023-07-12,Lake Chad Basin Weekly Security Update 10-16 July 2023;ISWAP/Boko Haram suffered devastating losses in Military Airstrikes,Zagazola,1,Koloram village,"Chikun Gudu, Jibularam, Koloram, and Arinna Ciki",Borno state,Marte lga,12.571088,13.963203,POINT (13.963203 12.571088),147988,Nigeria,NGA,475,Africa,1,2,2023-07-09 00:00:00.000,2023-07-10 00:00:00.000,0,10,0,0,10,10,10,475,
482383,NIG-2023-1-14669-104.1,2023,true,Clear,1,13641,13641,Nigeria: Islamic State,14669,14669,Government of Nigeria - IS,84,84,Government of Nigeria,234,234,IS,1,"""Zagazola,2023-07-16,Military air strikes kill scores of ISWAP fighters in Lake Chad Tumbums """,Zagazola,2023-07-16,Military air strikes kill scores of ISWAP fighters in Lake Chad Tumbums,Zagazola,1,Kirta Wulgo village,"Kirta Wulgo, Arinna Ciki, and Kolloram",Borno state,Kukawa lga,12.793050,14.120870,POINT (14.12087 12.79305),147989,Nigeria,NGA,475,Africa,1,2,2023-07-15 00:00:00.000,2023-07-16 00:00:00.000,0,14,0,0,14,13,13,475,
495997,NIG-2023-1-14669-104.2,2023,true,Clear,1,13641,13641,Nigeria: Islamic State,14669,14669,Government of Nigeria - IS,84,84,Government of Nigeria,234,234,IS,1,"""Zagazola,2023-07-16,Military air strikes kill scores of ISWAP fighters in Lake Chad Tumbums """,Zagazola,2023-07-16,Military air strikes kill scores of ISWAP fighters in Lake Chad Tumbums,Zagazola,1,Koloram village,"Kirta Wulgo, Arinna Ciki, and Kolloram",Borno state,Marte lga,12.571088,13.963203,POINT (13.963203 12.571088),147988,Nigeria,NGA,475,Africa,1,2,2023-07-15 00:00:00.000,2023-07-16 00:00:00.000,0,13,0,0,13,14,13,475,
495998,NIG-2023-1-14669-104.3,2023,true,Clear,1,13641,13641,Nigeria: Islamic State,14669,14669,Government of Nigeria - IS,84,84,Government of Nigeria,234,234,IS,1,"""Zagazola,2023-07-16,Military air strikes kill scores of ISWAP fighters in Lake Chad Tumbums """,Zagazola,2023-07-16,Military air strikes kill scores of ISWAP fighters in Lake Chad Tumbums,Zagazola,1,Arinna Ciki village,"Kirta Wulgo, Arinna Ciki, and Kolloram",Borno state,Marte lga,12.652775,13.982506,POINT (13.982506 12.652775),147988,Nigeria,NGA,475,Africa,1,2,2023-07-15 00:00:00.000,2023-07-16 00:00:00.000,0,13,0,0,13,13,14,475,
484040,NIG-2023-1-14669-112,2023,true,Clear,1,13641,13641,Nigeria: Islamic State,14669,14669,Government of Nigeria - IS,84,84,Government of Nigeria,234,234,IS,1,"""Cronicles of lake chad,2023-08-01,Lake Chad Basin Weekly Security Update 24-30 July 2023""",Cronicles of lake chad,2023-08-01,Lake Chad Basin Weekly Security Update 24-30 July 2023,ISWAP,1,Malam Fatori village,"Mallam Fatori, Abadam LGA, Borno State",Borno state,Abadam lga,13.673400,13.338800,POINT (13.3388 13.6734),149427,Nigeria,NGA,475,Africa,1,1,2023-07-22 00:00:00.000,2023-07-22 00:00:00.000,0,0,0,0,0,1,0,475,
484360,NIG-2023-1-14669-120,2023,true,Clear,1,13641,13641,Nigeria: Islamic State,14669,14669,Government of Nigeria - IS,84,84,Government of Nigeria,234,234,IS,1,"""Zagazola,2023-07-28,Zagazola""",Zagazola,2023-07-28,Zagazola,zagazola,5,Lake Chad area,Lake Chad tumbuns,Borno state,,12.989201,13.832239,POINT (13.832239 12.989201),147988,Nigeria,NGA,475,Africa,1,1,2023-07-28 00:00:00.000,2023-07-28 00:00:00.000,0,71,0,0,71,71,0,475,
483675,NIG-2023-1-14669-111.1,2023,true,Clear,1,13641,13641,Nigeria: Islamic State,14669,14669,Government of Nigeria - IS,84,84,Government of Nigeria,234,234,IS,2,"""Vanguard,2023-07-31,ISWAP holds mass burial for scores of terrorists killed in Borno"";""Cronicles of lake chad,2023-08-01,Lake Chad Basin Weekly Security Update 24-30 July 2023""",Vanguard;Cronicles of lake chad,2023-07-31;2023-08-01,ISWAP holds mass burial for scores of terrorists killed in Borno;Lake Chad Basin Weekly Security Update 24-30 July 2023,Zagazola,1,Koloram village,Jibularam (Monguno) and Koloram (Marte),Borno state,Marte lga,12.571088,13.963203,POINT (13.963203 12.571088),147988,Nigeria,NGA,475,Africa,1,1,2023-07-29 00:00:00.000,2023-07-29 00:00:00.000,0,20,0,0,20,20,20,475,
487729,NIG-2023-1-14669-111.2,2023,true,Clear,1,13641,13641,Nigeria: Islamic State,14669,14669,Government of Nigeria - IS,84,84,Government of Nigeria,234,234,IS,2,"""Cronicles of lake chad,2023-08-01,Lake Chad Basin Weekly Security Update 24-30 July 2023"";""Vanguard,2023-07-31,ISWAP holds mass burial for scores of terrorists killed in Borno""",Cronicles of lake chad;Vanguard,2023-08-01;2023-07-31,Lake Chad Basin Weekly Security Update 24-30 July 2023;ISWAP holds mass burial for scores of terrorists killed in Borno,Zagazola,3,Monguno lga,Jibularam (Monguno) and Koloram (Marte),Borno state,Monguno lga,12.578520,13.617270,POINT (13.61727 12.57852),147988,Nigeria,NGA,475,Africa,1,1,2023-07-29 00:00:00.000,2023-07-29 00:00:00.000,0,20,0,0,20,20,20,475,
488297,NIG-2023-1-14669-124,2023,true,Clear,1,13641,13641,Nigeria: Islamic State,14669,14669,Government of Nigeria - IS,84,84,Government of Nigeria,234,234,IS,1,"""Lake Chad Basin Weekly Security Update 7-13 August 2023 ,2023-08-17,Nigeria: 4 August """,Lake Chad Basin Weekly Security Update 7-13 August 2023,2023-08-17,Nigeria: 4 August,ISWAP claim (through TR),1,Monguno town,"Monguno, Monguno LGA, Borno State",Borno state,Monguno lga,12.678630,13.607920,POINT (13.60792 12.67863),147988,Nigeria,NGA,475,Africa,1,1,2023-08-04 00:00:00.000,2023-08-04 00:00:00.000,0,0,0,0,0,1,0,475,
484319,NIG-2023-1-14669-117,2023,true,Clear,1,13641,13641,Nigeria: Islamic State,14669,14669,Government of Nigeria - IS,84,84,Government of Nigeria,234,234,IS,1,"""Zagazola,2023-08-06,MNJTF troops killed many ISWAP terrorists, repel attack on Monguno""",Zagazola,2023-08-06,"MNJTF troops killed many ISWAP terrorists, repel attack on Monguno",zagazola,3,Monguno lga,"monungo community, Marte Axis in Monguno",Borno state,Monguno lga,12.578520,13.617270,POINT (13.61727 12.57852),147988,Nigeria,NGA,475,Africa,1,1,2023-08-05 00:00:00.000,2023-08-05 00:00:00.000,0,3,0,0,3,3,3,475,
488342,NIG-2023-1-14669-135,2023,true,Clear,1,13641,13641,Nigeria: Islamic State,14669,14669,Government of Nigeria - IS,84,84,Government of Nigeria,234,234,IS,1,"""Lake Chad Basin Weekly Security Update 28 August - 3 September 2023,2023-09-05,Nigeria: 28 August """,Lake Chad Basin Weekly Security Update 28 August - 3 September 2023,2023-09-05,Nigeria: 28 August,ISWAP claim (through TR),2,Kuawa town,"Cross Kauwa-Mile Four road, Kukawa LGA, Borno State",Borno state,Kukawa lga,12.945758,13.672006,POINT (13.672006 12.945758),147988,Nigeria,NGA,475,Africa,1,1,2023-08-28 00:00:00.000,2023-08-28 00:00:00.000,0,0,0,0,0,1,0,475,
493092,NIG-2023-1-14669-146,2023,true,Clear,1,13641,13641,Nigeria: Islamic State,14669,14669,Government of Nigeria - IS,84,84,Government of Nigeria,234,234,IS,1,"""Zagazola,2023-09-04,Military Airstrikes in the South """,Zagazola,2023-09-04,Military Airstrikes in the South,Zagazola,2,Koloram village,South of Kwolaram in Marte's North Eeast of Borno,Borno state,Marte lga,12.571088,13.963203,POINT (13.963203 12.571088),147988,Nigeria,NGA,475,Africa,1,1,2023-09-04 00:00:00.000,2023-09-04 00:00:00.000,0,40,0,0,40,40,40,475,
493318,NIG-2023-1-14669-158,2023,true,Clear,1,13641,13641,Nigeria: Islamic State,14669,14669,Government of Nigeria - IS,84,84,Government of Nigeria,234,234,IS,2,"""Zagazola ,2023-09-20,Military Airstrikes killed 8 terrorists in North East Nigeria"";""The Punch,2023-09-21,NAF destroys B’Haram gun truck, kills eight terrorists""",Zagazola ;The Punch,2023-09-20;2023-09-21,"Military Airstrikes killed 8 terrorists in North East Nigeria;NAF destroys B’Haram gun truck, kills eight terrorists",Zagazola,1,Baranga village,Baranga Village in Marte Local Government Area of Borno State,Borno state,Marte lga,12.528833,13.964812,POINT (13.964812 12.528833),147988,Nigeria,NGA,475,Africa,1,1,2023-09-20 00:00:00.000,2023-09-20 00:00:00.000,0,8,0,0,8,8,8,475,
493748,NIG-2023-1-14669-161.1,2023,true,Clear,1,13641,13641,Nigeria: Islamic State,14669,14669,Government of Nigeria - IS,84,84,Government of Nigeria,234,234,IS,1,"""Zagazola,2023-10-02,TERRORISTS IN TUMBUN FULANI AND TUMBUN SHITU AT RECEIVING END OF NAF FIREPOWER""",Zagazola,2023-10-02,TERRORISTS IN TUMBUN FULANI AND TUMBUN SHITU AT RECEIVING END OF NAF FIREPOWER,Zagazola,1,Tumbun Fulani village,Tumbun Fulani and Tumbun Shitu,Borno state,Abadam lga,13.489685,13.456828,POINT (13.456828 13.489685),148707,Nigeria,NGA,475,Africa,1,2,2023-09-27 00:00:00.000,2023-09-30 00:00:00.000,0,2,0,0,2,1,1,475,
494640,NIG-2023-1-14669-161.2,2023,true,Clear,1,13641,13641,Nigeria: Islamic State,14669,14669,Government of Nigeria - IS,84,84,Government of Nigeria,234,234,IS,1,"""Zagazola,2023-10-02,TERRORISTS IN TUMBUN FULANI AND TUMBUN SHITU AT RECEIVING END OF NAF FIREPOWER""",Zagazola,2023-10-02,TERRORISTS IN TUMBUN FULANI AND TUMBUN SHITU AT RECEIVING END OF NAF FIREPOWER,Zagazola,3,Abadam lga,Tumbun Fulani and Tumbun Shitu,Borno state,Abadam lga,13.431620,13.313190,POINT (13.31319 13.43162),148707,Nigeria,NGA,475,Africa,1,2,2023-09-27 00:00:00.000,2023-09-30 00:00:00.000,0,1,0,0,1,2,1,475,
498462,NIG-2023-1-14669-183,2023,true,Clear,1,13641,13641,Nigeria: Islamic State,14669,14669,Government of Nigeria - IS,84,84,Government of Nigeria,234,234,IS,1,"""Zagazola ,2023-10-16,NAF Airstrikes comfirms attack on Terrorists in Borno's Bukar Meram""",Zagazola,2023-10-16,NAF Airstrikes comfirms attack on Terrorists in Borno's Bukar Meram,,1,Bukar Meram village,"Bukar Meram, near the Lake Chad region",Borno state,Marte lga,12.639105,14.057779,POINT (14.057779 12.639105),147989,Nigeria,NGA,475,Africa,1,1,2023-10-14 00:00:00.000,2023-10-14 00:00:00.000,0,3,0,0,3,3,2,475,
497807,NIG-2023-1-14669-179.1,2023,true,Clear,1,13641,13641,Nigeria: Islamic State,14669,14669,Government of Nigeria - IS,84,84,Government of Nigeria,234,234,IS,1,"""Zagazola,2023-10-27,Nigerian Airstrikes kills scores of ISWAP fighters in Marte """,Zagazola,2023-10-27,Nigerian Airstrikes kills scores of ISWAP fighters in Marte,Zagazola,1,Tunbun Buhari village,"Jubilaram and Tudun Baranga, both Marte LGA, Borno State",Borno state,Monguno lga,12.716344,13.973795,POINT (13.973795 12.716344),147988,Nigeria,NGA,475,Africa,2,1,2023-10-26 00:00:00.000,2023-10-26 00:00:00.000,0,20,0,0,20,20,20,475,
497838,NIG-2023-1-14669-179.2,2023,true,Clear,1,13641,13641,Nigeria: Islamic State,14669,14669,Government of Nigeria - IS,84,84,Government of Nigeria,234,234,IS,1,"""Zagazola,2023-10-27,Nigerian Airstrikes kills scores of ISWAP fighters in Marte """,Zagazola,2023-10-27,Nigerian Airstrikes kills scores of ISWAP fighters in Marte,Zagazola,1,Baranga village,"Jubilaram and Tudun Baranga, both Marte LGA, Borno State",Borno state,Marte lga,12.528833,13.964812,POINT (13.964812 12.528833),147988,Nigeria,NGA,475,Africa,2,1,2023-10-26 00:00:00.000,2023-10-26 00:00:00.000,0,20,0,0,20,20,20,475,
509080,NIG-2023-1-14669-228.2,2023,true,Clear,1,13641,13641,Nigeria: Islamic State,14669,14669,Government of Nigeria - IS,84,84,Government of Nigeria,234,234,IS,1,"""Zagazola ,2023-12-06,MNJTF troops destroy 4 ISWAP camps, killed 5 terrorists""",Zagazola,2023-12-06,"MNJTF troops destroy 4 ISWAP camps, killed 5 terrorists",,1,Nairawa village,"Ngurnoa, Gumnari, Nairawa, and Amburam, all Monguno LGA, Borno State",Borno state,Monguno lga,12.639829,13.839120,POINT (13.8391205 12.6398291),147988,Nigeria,NGA,475,Africa,1,1,2023-11-04 00:00:00.000,2023-11-04 00:00:00.000,0,1,0,0,1,2,1,475,
509081,NIG-2023-1-14669-228.3,2023,true,Clear,1,13641,13641,Nigeria: Islamic State,14669,14669,Government of Nigeria - IS,84,84,Government of Nigeria,234,234,IS,1,"""Zagazola ,2023-12-06,MNJTF troops destroy 4 ISWAP camps, killed 5 terrorists""",Zagazola,2023-12-06,"MNJTF troops destroy 4 ISWAP camps, killed 5 terrorists",,1,Gumnari village,"Ngurnoa, Gumnari, Nairawa, and Amburam, all Monguno LGA, Borno State",Borno state,Monguno lga,12.624293,13.725642,POINT (13.7256422 12.624293),147988,Nigeria,NGA,475,Africa,1,1,2023-11-04 00:00:00.000,2023-11-04 00:00:00.000,0,1,0,0,1,1,2,475,
509082,NIG-2023-1-14669-228.4,2023,true,Clear,1,13641,13641,Nigeria: Islamic State,14669,14669,Government of Nigeria - IS,84,84,Government of Nigeria,234,234,IS,1,"""Zagazola ,2023-12-06,MNJTF troops destroy 4 ISWAP camps, killed 5 terrorists""",Zagazola,2023-12-06,"MNJTF troops destroy 4 ISWAP camps, killed 5 terrorists",,1,Ngurnoa village,"Ngurnoa, Gumnari, Nairawa, and Amburam, all Monguno LGA, Borno State",Borno state,Monguno lga,12.714729,13.690038,POINT (13.690038 12.714729),147988,Nigeria,NGA,475,Africa,1,1,2023-11-04 00:00:00.000,2023-11-04 00:00:00.000,0,1,0,0,1,1,1,475,
506798,NIG-2023-1-14669-228.1,2023,true,Clear,1,13641,13641,Nigeria: Islamic State,14669,14669,Government of Nigeria - IS,84,84,Government of Nigeria,234,234,IS,1,"""Zagazola ,2023-12-06,MNJTF troops destroy 4 ISWAP camps, killed 5 terrorists""",Zagazola,2023-12-06,"MNJTF troops destroy 4 ISWAP camps, killed 5 terrorists",,3,Monguno lga,"Ngurnoa, Gumnari, Nairawa, and Amburam, all Monguno LGA, Borno State",Borno state,Monguno lga,12.578520,13.617270,POINT (13.61727 12.57852),147988,Nigeria,NGA,475,Africa,1,1,2023-11-04 00:00:00.000,2023-11-04 00:00:00.000,0,2,0,0,2,1,1,475,
499538,NIG-2023-1-14669-202,2023,true,Clear,1,13641,13641,Nigeria: Islamic State,14669,14669,Government of Nigeria - IS,84,84,Government of Nigeria,234,234,IS,2,"""Zagazola,2023-11-11,Scores of Fighters killed as ISWAP, Boko Haram clash in Borno"";""Phantom Eye Hub ,2023-11-10,Nigerian Army Eradicates ISWAP Stronghold at Boulaye""",Zagazola;Phantom Eye Hub,2023-11-11;2023-11-10,"Scores of Fighters killed as ISWAP, Boko Haram clash in Borno;Nigerian Army Eradicates ISWAP Stronghold at Boulaye",,3,Abadam lga,BAULAYI / Boulaye in Abadam LGA,Borno state,Abadam lga,13.431620,13.313190,POINT (13.31319 13.43162),148707,Nigeria,NGA,475,Africa,1,1,2023-11-09 00:00:00.000,2023-11-09 00:00:00.000,0,3,0,0,3,3,3,475,
501456,NIG-2023-1-14669-205,2023,true,Clear,1,13641,13641,Nigeria: Islamic State,14669,14669,Government of Nigeria - IS,84,84,Government of Nigeria,234,234,IS,1,"""Zagazola,2023-11-19,Air Force knocks out ISWAP on canoes, killing dozens """,Zagazola,2023-11-19,"Air Force knocks out ISWAP on canoes, killing dozens",,1,Baranga village,"BARANGA village within the fringes of Lake Chad, Marte LGA",Borno state,Marte lga,12.528833,13.964812,POINT (13.964812 12.528833),147988,Nigeria,NGA,475,Africa,1,1,2023-11-18 00:00:00.000,2023-11-18 00:00:00.000,0,40,0,0,40,40,40,475,
501464,NIG-2023-1-14669-221,2023,true,Clear,1,13641,13641,Nigeria: Islamic State,14669,14669,Government of Nigeria - IS,84,84,Government of Nigeria,234,234,IS,2,"""Zagazola,2023-11-22,Troops Neutralise Boko Haram Terrorists Planting IED"";""Lake Chad Basin Weekly Security Update,2023-11-29,Lake Chad Basin Weekly Security Update 20-26 November 2023""",Zagazola;Lake Chad Basin Weekly Security Update,2023-11-22;2023-11-29,Troops Neutralise Boko Haram Terrorists Planting IED;Lake Chad Basin Weekly Security Update 20-26 November 2023,,2,Kudokurgo village,"Near Kudokurgo, southeast of Malam Fatori",Borno state,Abadam lga,13.643764,13.348373,POINT (13.348373 13.643763999999999),149427,Nigeria,NGA,475,Africa,1,1,2023-11-21 00:00:00.000,2023-11-21 00:00:00.000,0,2,0,0,2,2,2,475,
501705,NIG-2023-1-14669-206,2023,true,Clear,1,13641,13641,Nigeria: Islamic State,14669,14669,Government of Nigeria - IS,84,84,Government of Nigeria,234,234,IS,1,"""Zagazola,2023-11-30,Bodies of terrorists""",Zagazola,2023-11-30,Bodies of terrorists,,3,Abadam lga,Abadam LGA in Borno,Borno state,Abadam lga,13.431620,13.313190,POINT (13.31319 13.43162),148707,Nigeria,NGA,475,Africa,1,2,2023-11-27 00:00:00.000,2023-11-30 00:00:00.000,0,1,0,0,1,2,1,475,
502373,NIG-2023-1-14669-223,2023,true,Clear,1,13641,13641,Nigeria: Islamic State,14669,14669,Government of Nigeria - IS,84,84,Government of Nigeria,234,234,IS,4,"""Lake Chad Basin Weekly Security Update ,2023-12-06,Lake Chad Basin Weekly Security Update 27 November-3 December 2023"";""Africa News ,2023-11-30,Nigeria: 4 soldiers and militiamen killed in a jihadist ambush"";""BBC Monitoring Africa,2023-12-01,IS claims attack on checkpoint in north-east Nigeria"";""Agence France Presse,2023-11-30,Four Nigerian security personnel killed in jihadist ambush: sources""",Lake Chad Basin Weekly Security Update ;Africa News ;BBC Monitoring Africa;Agence France Presse,2023-12-06;2023-11-30;2023-12-01;2023-11-30,Lake Chad Basin Weekly Security Update 27 November-3 December 2023;Nigeria: 4 soldiers and militiamen killed in a jihadist ambush;IS claims attack on checkpoint in north-east Nigeria;Four Nigerian security personnel killed in jihadist ambush: sources,"ISWAP claim (through TR); Musa Kaka, leader of an anti-jihadist militia in Monguno",2,Lingir village,"Near Lingir, Guzamala LGA, Borno State",Borno state,Guzamala lga,12.687898,13.511536,POINT (13.511536 12.687898),147988,Nigeria,NGA,475,Africa,1,1,2023-11-28 00:00:00.000,2023-11-28 00:00:00.000,4,0,0,0,4,4,4,475,
502375,NIG-2023-1-14669-224,2023,true,Clear,1,13641,13641,Nigeria: Islamic State,14669,14669,Government of Nigeria - IS,84,84,Government of Nigeria,234,234,IS,2,"""Zagazola ,2023-12-02,Troops repelled 3 ISWAP attacks, killed unconfirmed numbers fighters, lost two vigilantes "";""Lake Chad Basin Weekly Security Update ,2023-12-06,Lake Chad Basin Weekly Security Update 27 November-3 December 2023""",Zagazola ;Lake Chad Basin Weekly Security Update,2023-12-02;2023-12-06,"Troops repelled 3 ISWAP attacks, killed unconfirmed numbers fighters, lost two vigilantes ;Lake Chad Basin Weekly Security Update 27 November-3 December 2023",ISWAP claim (thorugh TR),1,Monguno town,"Monguno, Monguno LGA, Borno State",Borno state,Monguno lga,12.678630,13.607920,POINT (13.60792 12.67863),147988,Nigeria,NGA,475,Africa,1,1,2023-12-01 00:00:00.000,2023-12-01 00:00:00.000,2,0,0,0,2,2,2,475,
502288,NIG-2023-1-14669-215,2023,true,Clear,1,13641,13641,Nigeria: Islamic State,14669,14669,Government of Nigeria - IS,84,84,Government of Nigeria,234,234,IS,1,"""Zagazola,2023-12-06,CLAIMS""",Zagazola,2023-12-06,CLAIMS,,3,Kukawa lga,Kukawa in Borno State,Borno state,Kukawa lga,12.963090,13.608990,POINT (13.60899 12.96309),147988,Nigeria,NGA,475,Africa,1,1,2023-12-03 00:00:00.000,2023-12-03 00:00:00.000,1,0,0,0,1,1,0,475,
502286,NIG-2023-1-14669-214,2023,true,Clear,1,13641,13641,Nigeria: Islamic State,14669,14669,Government of Nigeria - IS,84,84,Government of Nigeria,234,234,IS,1,"""Zagazola,2023-12-06,MNJTF troops destroy 4 ISWAP camps, killed 5 terrorists""",Zagazola,2023-12-06,"MNJTF troops destroy 4 ISWAP camps, killed 5 terrorists",,3,Monguno lga,Amburam village in Monguno LGA,Borno state,Monguno lga,12.578520,13.617270,POINT (13.61727 12.57852),147988,Nigeria,NGA,475,Africa,1,1,2023-12-04 00:00:00.000,2023-12-04 00:00:00.000,0,5,0,0,5,5,5,475,
506844,NIG-2023-1-14669-236,2023,true,Clear,1,13641,13641,Nigeria: Islamic State,14669,14669,Government of Nigeria - IS,84,84,Government of Nigeria,234,234,IS,1,"""Zagazola ,2023-12-18,Nigerian Airforce nutrialises scores of terrorists in ISWAP training camp in Bukar Mairam""",Zagazola,2023-12-18,Nigerian Airforce nutrialises scores of terrorists in ISWAP training camp in Bukar Mairam,,1,Bukar Meram village,"Bukar Meram, Monguno LGA, Borno State",Borno state,Monguno lga,12.640720,14.058888,POINT (14.0588881 12.6407202),147989,Nigeria,NGA,475,Africa,1,1,2023-12-16 00:00:00.000,2023-12-16 00:00:00.000,0,40,0,0,40,40,40,475,
507274,NIG-2023-1-14669-244,2023,true,Clear,1,13641,13641,Nigeria: Islamic State,14669,14669,Government of Nigeria - IS,84,84,Government of Nigeria,234,234,IS,1,"""Lake Chad Basin Weekly Security Update ,2024-01-11,Lake Chad Basin Weekly Security Update 25 December 2023-7 January 2024""",Lake Chad Basin Weekly Security Update,2024-01-11,Lake Chad Basin Weekly Security Update 25 December 2023-7 January 2024,ISWAP claim (thorugh TR),3,Kukawa lga,"Near Cross Kauwa, Kukawa LGA, Borno State",Borno state,Kukawa lga,12.963090,13.608990,POINT (13.60899 12.96309),147988,Nigeria,NGA,475,Africa,1,1,2023-12-23 00:00:00.000,2023-12-23 00:00:00.000,0,0,0,0,0,1,0,475,
507278,NIG-2023-1-14669-245,2023,true,Clear,1,13641,13641,Nigeria: Islamic State,14669,14669,Government of Nigeria - IS,84,84,Government of Nigeria,234,234,IS,1,"""Lake Chad Basin Weekly Security Update,2024-01-11,Lake Chad Basin Weekly Security Update 25 December 2023-7 January 2024""",Lake Chad Basin Weekly Security Update,2024-01-11,Lake Chad Basin Weekly Security Update 25 December 2023-7 January 2024,ISWAP claim (through TR),2,Kukawa town,"Kukawa-Cross Kauwa road, Kukawa LGA, Borno State",Borno state,Kukawa lga,12.924750,13.566170,POINT (13.56617 12.92475),147988,Nigeria,NGA,475,Africa,1,1,2023-12-25 00:00:00.000,2023-12-25 00:00:00.000,0,0,0,0,0,1,0,475,
506888,NIG-2023-1-14669-254,2023,true,Clear,1,13641,13641,Nigeria: Islamic State,14669,14669,Government of Nigeria - IS,84,84,Government of Nigeria,234,234,IS,1,"""Zagazola,2023-12-31,2 Terrorists Die By Own Explosive Devices In Cameroon, 2 Apprehended in Borno""",Zagazola,2023-12-31,"2 Terrorists Die By Own Explosive Devices In Cameroon, 2 Apprehended in Borno",,5,Lake Chad area,"Genderi village, near the border of Cameroon in Lake Chad",Borno state,,12.989201,13.832239,POINT (13.832239 12.989201),147988,Nigeria,NGA,475,Africa,1,1,2023-12-31 00:00:00.000,2023-12-31 00:00:00.000,0,2,0,0,2,2,2,475,
506906,NIG-2024-1-14669-0,2024,true,Clear,1,13641,13641,Nigeria: Islamic State,14669,14669,Government of Nigeria - IS,84,84,Government of Nigeria,234,234,IS,2,"""Vanguard,2024-01-06,Nigerian ISWAP leader, Ba’a Shuwa, killed"";""Zagazola,2024-01-05,Nigerian Military airstrikes eliminates Nigerian ISWAP Leader, Ba'a Shuwa, scores of fighters """,Vanguard;Zagazola,2024-01-06;2024-01-05,"Nigerian ISWAP leader, Ba’a Shuwa, killed;Nigerian Military airstrikes eliminates Nigerian ISWAP Leader, Ba'a Shuwa, scores of fighters",,3,Abadam lga,"Kwatan Dilla, in  Abadam LGA of Borno State",Borno state,Abadam lga,13.431620,13.313190,POINT (13.31319 13.43162),148707,Nigeria,NGA,475,Africa,1,1,2024-01-02 00:00:00.000,2024-01-02 00:00:00.000,0,40,0,0,40,40,40,475,
506910,NIG-2024-1-14669-3,2024,true,Clear,1,13641,13641,Nigeria: Islamic State,14669,14669,Government of Nigeria - IS,84,84,Government of Nigeria,234,234,IS,1,"""Zagazola,2024-01-07,NAF AIR STRIKES AT PARISU, TUMBUN AGIRI AND TUMBUN ALURA IN BORNO STATE ELIMINATE TERRORISTS, DESTROY WEAPON STORAGES """,Zagazola,2024-01-07,"NAF AIR STRIKES AT PARISU, TUMBUN AGIRI AND TUMBUN ALURA IN BORNO STATE ELIMINATE TERRORISTS, DESTROY WEAPON STORAGES",,5,Lake Chad area,1.5Km Southwest of Tumbun Agiri within the Tumbuns in the Lake Chad region,Borno state,,12.989201,13.832239,POINT (13.832239 12.989201),147988,Nigeria,NGA,475,Africa,1,1,2024-01-06 00:00:00.000,2024-01-06 00:00:00.000,0,3,0,0,3,3,0,475,
507254,NIG-2024-1-14669-155,2024,true,Clear,1,13641,13641,Nigeria: Islamic State,14669,14669,Government of Nigeria - IS,84,84,Government of Nigeria,234,234,IS,1,"""Zagazola ,2024-01-11,Troops eliminate 86 terrorists, apprehend 101 in 1 week""",Zagazola,2024-01-11,"Troops eliminate 86 terrorists, apprehend 101 in 1 week",Army statement,5,Lake Chad area,Outskirts of the Tumbuns in the Lake Chad region,Borno state,,12.989201,13.832239,POINT (13.832239 12.989201),147988,Nigeria,NGA,475,Africa,1,1,2024-01-06 00:00:00.000,2024-01-06 00:00:00.000,0,3,0,0,3,3,0,475,
510542,NIG-2024-1-14669-21.2,2024,true,Clear,1,13641,13641,Nigeria: Islamic State,14669,14669,Government of Nigeria - IS,84,84,Government of Nigeria,234,234,IS,2,"""Zagazola ,2024-01-12,NAF airstrikes eliminate three ISWAP commanders,Abou Maimuna, Abou Zahra, Saleh others fighters in Borno"";""Lake Chad Basin Weekly Security Update,2024-01-19,Lake Chad Basin Weekly Security Update 8-14 January 2024""",Zagazola ;Lake Chad Basin Weekly Security Update,2024-01-12;2024-01-19,"NAF airstrikes eliminate three ISWAP commanders,Abou Maimuna, Abou Zahra, Saleh others fighters in Borno;Lake Chad Basin Weekly Security Update 8-14 January 2024",,3,Kukawa lga,"Marte, and Kukawa in Borno State",Borno state,Kukawa lga,12.963090,13.608990,POINT (13.60899 12.96309),147988,Nigeria,NGA,475,Africa,2,1,2024-01-10 00:00:00.000,2024-01-10 00:00:00.000,0,3,0,0,3,3,2,475,
510735,NIG-2024-1-14669-32,2024,true,Clear,1,13641,13641,Nigeria: Islamic State,14669,14669,Government of Nigeria - IS,84,84,Government of Nigeria,234,234,IS,1,"""Lake Chad Basin Weekly Security Update ,2024-01-26,Lake Chad Basin Weekly Security Update 15-21 January 2024""",Lake Chad Basin Weekly Security Update,2024-01-26,Lake Chad Basin Weekly Security Update 15-21 January 2024,ISWAP claim,1,Malam Fatori village,"Mallam Fatori, Abadam LGA, Borno State",Borno state,Abadam lga,13.673400,13.338800,POINT (13.3388 13.6734),149427,Nigeria,NGA,475,Africa,1,1,2024-01-20 00:00:00.000,2024-01-20 00:00:00.000,0,0,0,0,0,1,0,475,
514565,NIG-2024-1-14669-43,2024,true,Clear,1,13641,13641,Nigeria: Islamic State,14669,14669,Government of Nigeria - IS,84,84,Government of Nigeria,234,234,IS,1,"""Zagazola,2024-02-25,Joint Nigeria 🇳🇬 and Niger 🇳🇪 Fire Mission Eliminates Scores of ISWAP terrorists """,Zagazola,2024-02-25,Joint Nigeria 🇳🇬 and Niger 🇳🇪 Fire Mission Eliminates Scores of ISWAP terrorists,,5,Lake Chad area,"Border on River Kamoudougu, shores of Lake Chad",Borno state,,12.989201,13.832239,POINT (13.832239 12.989201),147988,Nigeria,NGA,475,Africa,1,1,2024-02-24 00:00:00.000,2024-02-24 00:00:00.000,0,40,0,0,40,40,40,475,
514600,NIG-2024-1-14669-50,2024,true,Clear,1,13641,13641,Nigeria: Islamic State,14669,14669,Government of Nigeria - IS,84,84,Government of Nigeria,234,234,IS,1,"""Zagazola ,2024-03-09,NIGERIAN ARMY TROOPS RAID TERRORISTS' CAMP IN SAMBISA, NEUTRALISE TERRORISTS, RECOVER WEAPONS""",Zagazola,2024-03-09,"NIGERIAN ARMY TROOPS RAID TERRORISTS' CAMP IN SAMBISA, NEUTRALISE TERRORISTS, RECOVER WEAPONS",,3,Kukawa lga,Buluwa Area of Kukawa Local Government Area of Borno State,Borno state,Kukawa lga,12.963090,13.608990,POINT (13.60899 12.96309),147988,Nigeria,NGA,475,Africa,1,1,2024-03-08 00:00:00.000,2024-03-08 00:00:00.000,0,1,0,0,1,1,0,475,
520889,NIG-2024-1-14669-77,2024,true,Clear,1,13641,13641,Nigeria: Islamic State,14669,14669,Government of Nigeria - IS,84,84,Government of Nigeria,234,234,IS,3,"""Crisis Watch,2024-05-06,Nigeria: April 2024 "";""The Punch,2024-04-18,16 feared killed by terrorist bomb in Borno"";""Zagazola,2024-04-17,10 Feared Dead, 20 injured In Borno As Motorists Climb ISWAP IEDs""",Crisis Watch;The Punch;Zagazola,2024-05-06;2024-04-18;2024-04-17,"Nigeria: April 2024 ;16 feared killed by terrorist bomb in Borno;10 Feared Dead, 20 injured In Borno As Motorists Climb ISWAP IEDs",,2,Baga village,"Baga road , Kukawa area",Borno state,Kukawa lga,13.094660,13.823430,POINT (13.82343 13.09466),148708,Nigeria,NGA,475,Africa,1,1,2024-04-17 00:00:00.000,2024-04-17 00:00:00.000,0,0,16,0,16,16,16,475,
521571,NIG-2024-1-14669-88,2024,true,Clear,1,13641,13641,Nigeria: Islamic State,14669,14669,Government of Nigeria - IS,84,84,Government of Nigeria,234,234,IS,1,"""Agence France Presse,2024-04-18,Landmine blast kills 10 in northeast Nigeria""",Agence France Presse,2024-04-18,Landmine blast kills 10 in northeast Nigeria,Three paramilitary sources,2,Monguno town,Between Monguno and Lkae Chad,Borno state,Monguno lga,12.678630,13.607920,POINT (13.60792 12.67863),147988,Nigeria,NGA,475,Africa,1,1,2024-04-17 00:00:00.000,2024-04-17 00:00:00.000,0,0,10,0,10,10,10,475,
521302,NIG-2024-1-14669-216,2024,true,Clear,1,13641,13641,Nigeria: Islamic State,14669,14669,Government of Nigeria - IS,84,84,Government of Nigeria,234,234,IS,1,"""Zagazola ,2024-04-23,Nigeria, Niger Joint Military Operation Neutralizes several fleeing Boko Haram in Borno""",Zagazola,2024-04-23,"Nigeria, Niger Joint Military Operation Neutralizes several fleeing Boko Haram in Borno",,1,Arege village,"Arege in Abadam LGA,in Borno State",Borno state,Abadam lga,13.488950,13.329040,POINT (13.32904 13.48895),148707,Nigeria,NGA,475,Africa,1,2,2024-04-20 00:00:00.000,2024-04-23 00:00:00.000,0,3,0,0,3,3,2,475,
521398,NIG-2024-1-14669-87,2024,true,Clear,1,13641,13641,Nigeria: Islamic State,14669,14669,Government of Nigeria - IS,84,84,Government of Nigeria,234,234,IS,1,"""Zagazola,2024-05-08,TROOPS FOIL MULTIPLE KIDNAP ATTEMPTS, NEUTRALIZE TERRORIST, REUNITE RESCUED VICTIMS WITH FAMILIES""",Zagazola,2024-05-08,"TROOPS FOIL MULTIPLE KIDNAP ATTEMPTS, NEUTRALIZE TERRORIST, REUNITE RESCUED VICTIMS WITH FAMILIES",,3,Nganzai lga,"Kulukawiya Village, located in the Nganzai Local Government Area of Borno State",Borno state,Nganzai lga,12.508840,13.104140,POINT (13.10414 12.50884),147987,Nigeria,NGA,475,Africa,1,1,2024-05-07 00:00:00.000,2024-05-07 00:00:00.000,0,1,0,0,1,1,1,475,
526879,NIG-2024-1-14669-111.3,2024,true,Clear,1,13641,13641,Nigeria: Islamic State,14669,14669,Government of Nigeria - IS,84,84,Government of Nigeria,234,234,IS,1,"""Vanguard,2024-05-16,Insecurity: Troops rescue 249, neutralize 227 terrorists nationwide""",Vanguard,2024-05-16,"Insecurity: Troops rescue 249, neutralize 227 terrorists nationwide",,3,Kukawa lga,"Gwoza, Bama and Kukawa LGAs of Borno State",Borno state,Kukawa lga,12.963090,13.608990,POINT (13.60899 12.96309),147988,Nigeria,NGA,475,Africa,2,2,2024-05-11 00:00:00.000,2024-05-14 00:00:00.000,0,5,0,0,5,6,6,475,
526110,NIG-2024-1-14669-109,2024,true,Clear,1,13641,13641,Nigeria: Islamic State,14669,14669,Government of Nigeria - IS,84,84,Government of Nigeria,234,234,IS,1,"""BBC Monitoring Africa,2024-05-20,IS claims causing 'over' 40 African forces casualties in Nigeria attack""",BBC Monitoring Africa,2024-05-20,IS claims causing 'over' 40 African forces casualties in Nigeria attack,,2,Doron Naira village,Near the village of Doro Naira in the Alagarno area,Borno state,Kukawa lga,13.193040,13.614610,POINT (13.61461 13.19304),148708,Nigeria,NGA,475,Africa,1,1,2024-05-18 00:00:00.000,2024-05-18 00:00:00.000,0,0,0,0,0,1,0,475,
527861,NIG-2024-1-14669-112,2024,true,Clear,1,13641,13641,Nigeria: Islamic State,14669,14669,Government of Nigeria - IS,84,84,Government of Nigeria,234,234,IS,1,"""Zagazola ,2024-06-17,*OPERATION LAKE SANITY 2: TROOPS RESCUE 34 WOMEN AND CHILDREN, AS 3 ISWAP FIGHTERS SURRENDER*""",Zagazola,2024-06-17,"*OPERATION LAKE SANITY 2: TROOPS RESCUE 34 WOMEN AND CHILDREN, AS 3 ISWAP FIGHTERS SURRENDER*",,5,Lake Chad area,"Mazuri, Itsari, Mudu, and Maleri villages on fringes of southern Lake Chad in Nigeria",Borno state,,12.989201,13.832239,POINT (13.832239 12.989201),147988,Nigeria,NGA,475,Africa,1,1,2024-06-15 00:00:00.000,2024-06-15 00:00:00.000,0,1,0,0,1,1,1,475,
529901,NIG-2024-1-14669-116,2024,true,Clear,1,13641,13641,Nigeria: Islamic State,14669,14669,Government of Nigeria - IS,84,84,Government of Nigeria,234,234,IS,1,"""Zagazola,2024-07-08,MNJTF troops  Neutralizes 2 ISWAP  Terrorists in Kukawa """,Zagazola,2024-07-08,MNJTF troops  Neutralizes 2 ISWAP  Terrorists in Kukawa,,3,Kukawa lga,"Kukawa Local Government Area, Borno State",Borno state,Kukawa lga,12.963090,13.608990,POINT (13.60899 12.96309),147988,Nigeria,NGA,475,Africa,1,1,2024-07-08 00:00:00.000,2024-07-08 00:00:00.000,0,2,0,0,2,2,2,475,
536056,NIG-2024-1-14669-127,2024,true,Clear,1,13641,13641,Nigeria: Islamic State,14669,14669,Government of Nigeria - IS,84,84,Government of Nigeria,234,234,IS,2,"""Reuters News,2024-07-26,At least seven Nigerian soldiers killed by landmine"";""Agence France Presse,2024-07-26,Landmine kills seven troops in Nigeria""",Reuters News;Agence France Presse,2024-07-26;2024-07-26,At least seven Nigerian soldiers killed by landmine;Landmine kills seven troops in Nigeria,anti-jihadist militia leader Babakura Kolo,1,Barwati village,"Bawarti village, heading for Kukawa",Borno state,Kukawa lga,12.791480,13.674260,POINT (13.67426 12.79148),147988,Nigeria,NGA,475,Africa,1,1,2024-07-26 00:00:00.000,2024-07-26 00:00:00.000,7,0,0,0,7,7,7,475,
539009,NIG-2024-1-14669-154,2024,true,Clear,1,13641,13641,Nigeria: Islamic State,14669,14669,Government of Nigeria - IS,84,84,Government of Nigeria,234,234,IS,1,"""Zagazola,2024-08-29,EXCESS RAINFALL AND SWAMPY TERRAIN EXPOSE REMNANTS OF TERRORISTS FOR AIRSTRIKE AT JUBILLARAM IN BORNO STATE""",Zagazola,2024-08-29,EXCESS RAINFALL AND SWAMPY TERRAIN EXPOSE REMNANTS OF TERRORISTS FOR AIRSTRIKE AT JUBILLARAM IN BORNO STATE,,1,Tunbun Buhari village,"Jubillaram, southern tumbuns of Lake Chad",Borno state,Monguno lga,12.716344,13.973795,POINT (13.973795 12.716344),147988,Nigeria,NGA,475,Africa,1,2,2024-08-26 00:00:00.000,2024-08-29 00:00:00.000,0,3,0,0,3,3,0,475,
542766,NIG-2024-1-14669-140,2024,true,Clear,1,13641,13641,Nigeria: Islamic State,14669,14669,Government of Nigeria - IS,84,84,Government of Nigeria,234,234,IS,1,"""Vanguard,2024-09-06,Army kills 152 terrorists, arrests 109, rescues 91 Kidnap victims""",Vanguard,2024-09-06,"Army kills 152 terrorists, arrests 109, rescues 91 Kidnap victims",Director of Defence Media Operations,5,Lake Chad area,"Southern Tumbus, Borno State",Borno state,,12.989201,13.832239,POINT (13.832239 12.989201),147988,Nigeria,NGA,475,Africa,1,1,2024-08-31 00:00:00.000,2024-08-31 00:00:00.000,0,4,0,0,4,4,3,475,
543235,NIG-2024-1-14669-157,2024,true,Clear,1,13641,13641,Nigeria: Islamic State,14669,14669,Government of Nigeria - IS,84,84,Government of Nigeria,234,234,IS,1,"""Vanguard,2024-09-20,Troops kill 159 terrorists, arrest 219, rescue 188 kidnapped victims""",Vanguard,2024-09-20,"Troops kill 159 terrorists, arrest 219, rescue 188 kidnapped victims","Director of Defence Media Operations, Major Gen Edward Buba",5,Lake Chad area,Southern Tumbun of Borno State,Borno state,,12.989201,13.832239,POINT (13.832239 12.989201),147988,Nigeria,NGA,475,Africa,1,1,2024-09-09 00:00:00.000,2024-09-09 00:00:00.000,0,3,0,0,3,3,0,475,
543429,NIG-2024-1-14669-144,2024,true,Clear,1,13641,13641,Nigeria: Islamic State,14669,14669,Government of Nigeria - IS,84,84,Government of Nigeria,234,234,IS,4,"""Zagazola,2024-09-22,Army troops of Sector 3 ambush ISWAP Terrorists, nutrialised 3"";""Vanguard,2024-09-23,Troops kill 8 notorious terrorists, rescue 16 victims"";""@TomaszRolbiecki,2024-09-23,I cannot be sure whether it is related to the same incident "";""Multinational Joint Task Force,2024-09-23,MNJTF TROOPS DELIVER DECISIVE BLOW TO BOKO HARAM TERRORISTS IN MALAM FATORI, NEUTRALISE 5, CAPTURE ARMS CACHE""",Zagazola;Vanguard;@TomaszRolbiecki;Multinational Joint Task Force,2024-09-22;2024-09-23;2024-09-23;2024-09-23,"Army troops of Sector 3 ambush ISWAP Terrorists, nutrialised 3;Troops kill 8 notorious terrorists, rescue 16 victims;I cannot be sure whether it is related to the same incident ;MNJTF TROOPS DELIVER DECISIVE BLOW TO BOKO HARAM TERRORISTS IN MALAM FATORI, NEUTRALISE 5, CAPTURE ARMS CACHE","The Nigerian Army, ISWAP claim (through TR)",1,Malam Fatori village,"Malam Fatori, Borno",Borno state,Abadam lga,13.673400,13.338800,POINT (13.3388 13.6734),149427,Nigeria,NGA,475,Africa,1,1,2024-09-22 00:00:00.000,2024-09-22 00:00:00.000,0,5,0,0,5,6,5,475,
549446,NIG-2024-1-14669-169,2024,true,Clear,1,13641,13641,Nigeria: Islamic State,14669,14669,Government of Nigeria - IS,84,84,Government of Nigeria,234,234,IS,1,"""Zagazola,2024-10-10,NAF Airstrikes Target ISWAP training Camp in Marte, killed scores  """,Zagazola,2024-10-10,"NAF Airstrikes Target ISWAP training Camp in Marte, killed scores",,1,Bukar Meram village,"Bukar Mairam, Marte Local Government Area",Borno state,Marte lga,12.639105,14.057779,POINT (14.057779 12.639105),147989,Nigeria,NGA,475,Africa,1,2,2024-10-07 00:00:00.000,2024-10-10 00:00:00.000,0,40,0,0,40,40,40,475,
550644,NIG-2024-1-14669-173,2024,true,Clear,1,13641,13641,Nigeria: Islamic State,14669,14669,Government of Nigeria - IS,84,84,Government of Nigeria,234,234,IS,1,"""@TomaszRolbiecki,2024-11-06,An interesting attack claim from ISWAP posted on Sunday""",@TomaszRolbiecki,2024-11-06,An interesting attack claim from ISWAP posted on Sunday,ISWAP (through TR),1,Burimari village,"Burimari, Nganzai lga",Borno state,Nganzai lga,12.570050,13.302796,POINT (13.302796 12.57005),147987,Nigeria,NGA,475,Africa,1,1,2024-10-30 00:00:00.000,2024-10-30 00:00:00.000,0,0,0,0,0,10,0,475,
554349,NIG-2024-1-14669-184,2024,true,Clear,1,13641,13641,Nigeria: Islamic State,14669,14669,Government of Nigeria - IS,84,84,Government of Nigeria,234,234,IS,3,"""@ZagazOlaMakama,2024-11-09,ISWAP TERRORISTS SUFFER MORE LOSSES AS NIGERIAN AIR FORCE JETS OBLITERATE FIGHTERS AND DESTROY ENCLAVE IN SOUTHERN TUMBUNS*"";""Crisis Watch,2024-12-05,Nigeria November 2024"";""Daily Post,2024-11-05,NAF airstrike kills ISWAP Commander, 50 others in Borno""",@ZagazOlaMakama;Crisis Watch;Daily Post,2024-11-09;2024-12-05;2024-11-05,"ISWAP TERRORISTS SUFFER MORE LOSSES AS NIGERIAN AIR FORCE JETS OBLITERATE FIGHTERS AND DESTROY ENCLAVE IN SOUTHERN TUMBUNS*;Nigeria November 2024;NAF airstrike kills ISWAP Commander, 50 others in Borno",NAF's spokesperson,5,Lake Chad area,"Southern Tumbuns, near Lake Chad",Borno state,,12.989201,13.832239,POINT (13.832239 12.989201),147988,Nigeria,NGA,475,Africa,1,1,2024-10-30 00:00:00.000,2024-10-30 00:00:00.000,0,50,0,0,50,55,45,475,
550790,NIG-2024-1-14669-174,2024,true,Clear,1,13641,13641,Nigeria: Islamic State,14669,14669,Government of Nigeria - IS,84,84,Government of Nigeria,234,234,IS,2,"""The Punch,2024-11-09,Soldiers kill 169 terrorists, arrest 641 suspects"";""Zagazola,2024-11-09,Over 70 ISWAP Militants Killed in NAF Strategic Airstrike on Camps in Borno""",The Punch;Zagazola,2024-11-09;2024-11-09,"Soldiers kill 169 terrorists, arrest 641 suspects;Over 70 ISWAP Militants Killed in NAF Strategic Airstrike on Camps in Borno",Director of Defence Media Operations of Nigeria Defence Headquarters,2,Tunbun Buhari village,Kwallaram island near Jibilarram in Marte Local Government Area,Borno state,Monguno lga,12.716344,13.973795,POINT (13.973795 12.716344),147988,Nigeria,NGA,475,Africa,1,1,2024-11-06 00:00:00.000,2024-11-06 00:00:00.000,0,70,0,0,70,70,70,475,
550816,NIG-2024-1-14669-175,2024,true,Clear,1,13641,13641,Nigeria: Islamic State,14669,14669,Government of Nigeria - IS,84,84,Government of Nigeria,234,234,IS,2,"""Zagazola,2024-11-09,Over 70 ISWAP Militants Killed in NAF Strategic Airstrike on Camps in Borno"";""The Punch,2024-11-09,Soldiers kill 169 terrorists, arrest 641 suspects""",Zagazola;The Punch,2024-11-09;2024-11-09,"Over 70 ISWAP Militants Killed in NAF Strategic Airstrike on Camps in Borno;Soldiers kill 169 terrorists, arrest 641 suspects",Director of Defence Media Operations of Nigeria Defence Headquarters,1,Arinna Ciki village,Arainna Ciki island near Jibilarram in Marte Local Government Area.,Borno state,Marte lga,12.652775,13.982506,POINT (13.982506 12.652775),147988,Nigeria,NGA,475,Africa,1,1,2024-11-06 00:00:00.000,2024-11-06 00:00:00.000,0,3,0,0,3,3,2,475,
555236,NIG-2024-1-14669-194,2024,true,Clear,1,13641,13641,Nigeria: Islamic State,14669,14669,Government of Nigeria - IS,84,84,Government of Nigeria,234,234,IS,2,"""‪@tomaszrolbiecki.bsky.social‬,2024-11-12,ISWAP claimed another attack aimed at military/militia sites"";""‪@tomaszrolbiecki.bsky.social‬,2024-11-12,Correction, Sunday, not Monday.""",‪@tomaszrolbiecki.bsky.social‬;‪@tomaszrolbiecki.bsky.social‬,2024-11-12;2024-11-12,"ISWAP claimed another attack aimed at military/militia sites;Correction, Sunday, not Monday.",ISWAP (through TR),3,Monguno lga,Monguno lga,Borno state,Monguno lga,12.578520,13.617270,POINT (13.61727 12.57852),147988,Nigeria,NGA,475,Africa,1,1,2024-11-10 00:00:00.000,2024-11-10 00:00:00.000,0,0,0,0,0,2,0,475,
555244,NIG-2024-1-14669-215,2024,true,Clear,1,13641,13641,Nigeria: Islamic State,14669,14669,Government of Nigeria - IS,84,84,Government of Nigeria,234,234,IS,1,"""‪@tomaszrolbiecki.bsky.social‬,2024-11-14,Also on Monday, ISWAP captured and executed a """,‪@tomaszrolbiecki.bsky.social‬,2024-11-14,"Also on Monday, ISWAP captured and executed a",ISWAP (through TR),3,Kukawa lga,a remote village of Modu Kawuri,Borno state,Kukawa lga,12.963090,13.608990,POINT (13.60899 12.96309),147988,Nigeria,NGA,475,Africa,1,1,2024-11-11 00:00:00.000,2024-11-11 00:00:00.000,0,0,0,0,0,1,0,475,
555039,NIG-2024-1-14669-189,2024,true,Clear,1,13641,13641,Nigeria: Islamic State,14669,14669,Government of Nigeria - IS,84,84,Government of Nigeria,234,234,IS,6,"""@Wamaps_news,2024-11-28,#Nigeria"";""Zagazola,2024-11-25,Nigerian Troops Repel ISWAP SVBIED Attack in Kukawa, Inflict Heavy Losses on ISWAP"";""Zagazola,2024-11-27,Celebration Rocks JAS Boko Haram Camp Over ISWAP Defeat in Kukawa"";""‪@tomaszrolbiecki.bsky.social‬,2024-11-26,The things that are confirmed:"";""The Punch,2024-11-26,Three soldiers killed as troops repel terrorists in Borno"";""BBC Monitoring,2024-11-27,Briefing: IS claims mass-casualty attack on 'large military camp' in Nigeria""",@Wamaps_news;Zagazola;Zagazola;‪@tomaszrolbiecki.bsky.social‬;The Punch;BBC Monitoring,2024-11-28;2024-11-25;2024-11-27;2024-11-26;2024-11-26;2024-11-27,"#Nigeria;Nigerian Troops Repel ISWAP SVBIED Attack in Kukawa, Inflict Heavy Losses on ISWAP;Celebration Rocks JAS Boko Haram Camp Over ISWAP Defeat in Kukawa;The things that are confirmed:;Three soldiers killed as troops repel terrorists in Borno;Briefing: IS claims mass-casualty attack on 'large military camp' in Nigeria",Nigerian Defence Headquarters,1,Kukawa town,"#Kukawa, in the State of #Borno.",Borno state,Kukawa lga,12.924750,13.566170,POINT (13.56617 12.92475),147988,Nigeria,NGA,475,Africa,1,1,2024-11-25 00:00:00.000,2024-11-25 00:00:00.000,3,12,0,0,15,16,15,475,
558442,NIG-2024-1-14669-208,2024,true,Clear,1,13641,13641,Nigeria: Islamic State,14669,14669,Government of Nigeria - IS,84,84,Government of Nigeria,234,234,IS,1,"""Zagazola,2024-12-17,Air Strikes in Malam Fatori Deliver Major Blow to ISWAP Terrorists""",Zagazola,2024-12-17,Air Strikes in Malam Fatori Deliver Major Blow to ISWAP Terrorists,,1,Malam Fatori village,Malam Fatori,Borno state,Abadam lga,13.673400,13.338800,POINT (13.3388 13.6734),149427,Nigeria,NGA,475,Africa,1,1,2024-12-15 00:00:00.000,2024-12-15 00:00:00.000,0,3,0,0,3,3,2,475,
559191,NIG-2024-1-14669-210,2024,true,Clear,1,13641,13641,Nigeria: Islamic State,14669,14669,Government of Nigeria - IS,84,84,Government of Nigeria,234,234,IS,1,"""Zagazola,2024-12-18,NAF struck ISWAP gathering, killing several terrorists in Borno """,Zagazola,2024-12-18,"NAF struck ISWAP gathering, killing several terrorists in Borno",,1,Kaula village,"KAULA near the Dogon Chuku axis, in Borno",Borno state,Abadam lga,13.498700,13.386460,POINT (13.38646 13.4987),148707,Nigeria,NGA,475,Africa,1,1,2024-12-17 00:00:00.000,2024-12-17 00:00:00.000,0,3,0,0,3,3,2,475,
559292,NIG-2024-1-14669-211,2024,true,Clear,1,13641,13641,Nigeria: Islamic State,14669,14669,Government of Nigeria - IS,84,84,Government of Nigeria,234,234,IS,1,"""Zagazola,2024-12-28,NAF Airstrikes Kill 32 ISWAP Fighters in Christmas Offensive at Dogon Chikun""",Zagazola,2024-12-28,NAF Airstrikes Kill 32 ISWAP Fighters in Christmas Offensive at Dogon Chikun,,1,Dogon chukwu village,"Dogon Chikun, Borno State.",Borno state,Abadam lga,13.378014,13.504103,POINT (13.504103 13.378014),148708,Nigeria,NGA,475,Africa,1,1,2024-12-25 00:00:00.000,2024-12-25 00:00:00.000,0,32,0,0,32,32,32,475,
381529,AFG-2021-2-14671-0,2021,true,Clear,2,14671,13642,IS - Yan Gora,14671,14671,IS - Yan Gora,234,234,IS,4000,4000,Yan Gora,1,"""@TomaszRolbiecki,2021-02-01,2 new attacks from ISWAP in last week's""",@TomaszRolbiecki,2021-02-01,2 new attacks from ISWAP in last week's,ISWAP; al-Naba,1,Baga village,in Baga,Borno state,Kukawa lga,13.094660,13.823430,POINT (13.82343 13.09466),148708,Nigeria,NGA,475,Africa,1,1,2021-01-21 00:00:00.000,2021-01-21 00:00:00.000,0,0,0,0,0,1,0,,
441575,AFG-2022-2-14671-8,2022,false,Clear,2,14671,13642,IS - Yan Gora,14671,14671,IS - Yan Gora,234,234,IS,4000,4000,Yan Gora,1,"""Daily Trust,2022-06-19,ISWAP Kills 16, Abducts 3 Aid Workers In Borno""",Daily Trust,2022-06-19,"ISWAP Kills 16, Abducts 3 Aid Workers In Borno",,3,Monguno lga,"Monguno, Borno",Borno state,Monguno lga,12.578520,13.617270,POINT (13.61727 12.57852),147988,Nigeria,NGA,475,Africa,1,1,2022-06-17 00:00:00.000,2022-06-17 00:00:00.000,0,3,0,0,3,3,3,,
444817,AFG-2022-2-14671-7,2022,false,Clear,2,14671,13642,IS - Yan Gora,14671,14671,IS - Yan Gora,234,234,IS,4000,4000,Yan Gora,1,"""Zagazola,2022-07-20,FEATURE: Fear grips residents of North-East Nigeria over recurring ISWAP attacks  """,Zagazola,2022-07-20,FEATURE: Fear grips residents of North-East Nigeria over recurring ISWAP attacks,Zagazola,1,Monguno town,Charlie one checking point [Monguno],Borno state,Monguno lga,12.678630,13.607920,POINT (13.60792 12.67863),147988,Nigeria,NGA,475,Africa,1,1,2022-07-04 00:00:00.000,2022-07-04 00:00:00.000,0,2,0,0,2,2,2,,
420394,AFG-2021-2-15023-25,2021,true,Clear,2,15023,13884,IS - JAS,15023,15023,IS - JAS,234,234,IS,1051,1051,JAS,3,"""HumAngle,2021-10-08,ISWAP Insurgents In Boats Attack Boko Haram Camp In Lake Chad"";""PRNigeria,2021-10-07,ISWAP Launches Reprisal Attack in Boko Haram Camp, 87 Terrorists Feared Dead"";""TomaszRolbiecki,2021-10-11,What could do more damage, are the clashes with the Bakura group in Lake Chad""",HumAngle;PRNigeria;TomaszRolbiecki,2021-10-08;2021-10-07;2021-10-11,"ISWAP Insurgents In Boats Attack Boko Haram Camp In Lake Chad;ISWAP Launches Reprisal Attack in Boko Haram Camp, 87 Terrorists Feared Dead;What could do more damage, are the clashes with the Bakura group in Lake Chad",PRNigeria,5,Representation point for Borno part of Lake Chad,a camp belonging to affiliates of the Bakoura group in the Lake Chad region,Borno state,,13.151034,13.964249,POINT (13.964249 13.151034),148708,Nigeria,NGA,475,Africa,1,1,2021-10-05 00:00:00.000,2021-10-05 00:00:00.000,0,0,0,87,87,87,87,,
434543,AFG-2022-2-15023-3.2,2022,true,Clear,2,15023,13884,IS - JAS,15023,15023,IS - JAS,234,234,IS,1051,1051,JAS,2,"""AllAfrica,2022-04-01,Troops Kill 34 Terrorists, 45 Others Die in Boko Haram/ISWAP Clash"";""BBC Monitoring Africa,2022-04-06,Jihadists share videos about attack on IS Nigeria militants by rivals""",AllAfrica;BBC Monitoring Africa,2022-04-01;2022-04-06,"Troops Kill 34 Terrorists, 45 Others Die in Boko Haram/ISWAP Clash;Jihadists share videos about attack on IS Nigeria militants by rivals",top security analyst in Lake Chad; amateur video,1,Ngawama village,"in Yauma Wango and Ngaama, in Abadam local government area (LGA) of Borno State",Borno state,Abadam lga,13.512380,13.203059,POINT (13.203059 13.51238),149427,Nigeria,NGA,475,Africa,1,2,2022-03-24 00:00:00.000,2022-03-28 00:00:00.000,22,0,0,0,22,23,22,,
434539,AFG-2022-2-15023-3.1,2022,true,Clear,2,15023,13884,IS - JAS,15023,15023,IS - JAS,234,234,IS,1051,1051,JAS,2,"""AllAfrica,2022-04-01,Troops Kill 34 Terrorists, 45 Others Die in Boko Haram/ISWAP Clash"";""BBC Monitoring Africa,2022-04-06,Jihadists share videos about attack on IS Nigeria militants by rivals""",AllAfrica;BBC Monitoring Africa,2022-04-01;2022-04-06,"Troops Kill 34 Terrorists, 45 Others Die in Boko Haram/ISWAP Clash;Jihadists share videos about attack on IS Nigeria militants by rivals",top security analyst in Lake Chad; amateur video,1,Yau Mawango village,"in Yauma Wango and Ngaama, in Abadam local government area (LGA) of Borno State",Borno state,Abadam lga,13.506330,13.158440,POINT (13.15844 13.50633),149427,Nigeria,NGA,475,Africa,1,2,2022-03-24 00:00:00.000,2022-03-28 00:00:00.000,23,0,0,0,23,22,23,,
434542,AFG-2022-2-15023-2,2022,true,Clear,2,15023,13884,IS - JAS,15023,15023,IS - JAS,234,234,IS,1051,1051,JAS,1,"""AllAfrica,2022-04-01,Troops Kill 34 Terrorists, 45 Others Die in Boko Haram/ISWAP Clash""",AllAfrica,2022-04-01,"Troops Kill 34 Terrorists, 45 Others Die in Boko Haram/ISWAP Clash",top security analyst in Lake Chad; amateur video,5,Lake Chad area,"in the North East of Lake Chad; in Tumbum Gini, Kiri Kiri and Kwantan Mota",Borno state,,12.989201,13.832239,POINT (13.832239 12.989201),147988,Nigeria,NGA,475,Africa,1,2,2022-03-28 00:00:00.000,2022-04-01 00:00:00.000,0,20,0,0,20,20,20,,
462921,AFG-2023-2-15023-3,2023,true,Clear,2,15023,13884,IS - JAS,15023,15023,IS - JAS,234,234,IS,1051,1051,JAS,2,"""Crisiswatch,2023-02-06,Nigeria: January 2023"";""The Punch,2023-01-08,Boko Haram kills 35 ISWAP combatants in Lake Chad""",Crisiswatch;The Punch,2023-02-06;2023-01-08,Nigeria: January 2023;Boko Haram kills 35 ISWAP combatants in Lake Chad,CrisisWatch; A reliable source,2,Kukawa town,"Near Kukawa town, Borno",Borno state,Kukawa lga,12.924750,13.566170,POINT (13.56617 12.92475),147988,Nigeria,NGA,475,Africa,1,1,2023-01-07 00:00:00.000,2023-01-07 00:00:00.000,35,0,0,0,35,35,35,,
463397,AFG-2023-2-15023-7,2023,true,Clear,2,15023,13884,IS - JAS,15023,15023,IS - JAS,234,234,IS,1051,1051,JAS,1,"""Zagazola,2023-02-09,Again, ISWAP, Boko Haram clashed in Arege""",Zagazola,2023-02-09,"Again, ISWAP, Boko Haram clashed in Arege",Zagazola,1,Arege village,"Arege, located south of Malam Fatori",Borno state,Abadam lga,13.488950,13.329040,POINT (13.32904 13.48895),148707,Nigeria,NGA,475,Africa,1,1,2023-02-09 00:00:00.000,2023-02-09 00:00:00.000,0,0,0,3,3,3,2,,
466946,AFG-2023-2-15023-11,2023,true,Clear,2,15023,13884,IS - JAS,15023,15023,IS - JAS,234,234,IS,1051,1051,JAS,1,"""Zagazola,2023-03-04,ISWAP Kill over 200 Boko Haram terrorists, women, children in Borno""",Zagazola,2023-03-04,"ISWAP Kill over 200 Boko Haram terrorists, women, children in Borno",Zagazola,2,Gudumbali town,"Choliye village, North East of Gudumbali, Borno State",Borno state,Guzamala lga,12.942840,13.178310,POINT (13.17831 12.94284),147987,Nigeria,NGA,475,Africa,1,2,2023-02-26 00:00:00.000,2023-02-27 00:00:00.000,0,0,0,1,1,200,1,,
489557,AFG-2023-2-15023-20,2023,true,Clear,2,15023,13884,IS - JAS,15023,15023,IS - JAS,234,234,IS,1051,1051,JAS,1,"""Zagazola,2023-08-24,Boko Haram, ISWAP clash in Borno, more than 41 terrorists killed including Commanders""",Zagazola,2023-08-24,"Boko Haram, ISWAP clash in Borno, more than 41 terrorists killed including Commanders",Zagazola,2,Duguri village,Axis of Duguri in Kukawa Local Government Area,Borno state,Kukawa lga,13.273680,13.803000,POINT (13.803 13.27368),148708,Nigeria,NGA,475,Africa,1,1,2023-08-23 00:00:00.000,2023-08-23 00:00:00.000,0,0,0,41,41,41,41,,
493214,AFG-2023-2-15023-21,2023,true,Clear,2,15023,13884,IS - JAS,15023,15023,IS - JAS,234,234,IS,1051,1051,JAS,1,"""Radio Ndarason Internationale ,2023-09-18,Four fishermen killed in violent clash between two insurgent factions over ‘ownership’ of Lake Chad area""",Radio Ndarason Internationale,2023-09-18,Four fishermen killed in violent clash between two insurgent factions over ‘ownership’ of Lake Chad area,,1,Baga village,"Baga, Kukawa LGA",Borno state,Kukawa lga,13.094660,13.823430,POINT (13.82343 13.09466),148708,Nigeria,NGA,475,Africa,1,1,2023-09-13 00:00:00.000,2023-09-13 00:00:00.000,0,0,4,0,4,4,4,,
501455,AFG-2023-2-15023-26,2023,true,Clear,2,15023,13884,IS - JAS,15023,15023,IS - JAS,234,234,IS,1051,1051,JAS,7,"""Zagazola,2023-11-18,Scores of Boko Haram/ISWAP fighters killed in renewed clashes"";""Zagazola,2023-11-18,Scores of Boko Haram/ISWAP fighters killed in renewed clashes"";""Crisis Watch ,2023-12-06,Nigeria: November 2023 "";""The Punch,2023-11-18,Scores feared killed in Boko Haram, ISWAP clash"";""Agence France Presse,2023-11-20,Scores feared dead in Nigeria jihadist infighting"";""HumPurse,2023-11-27,#Cameroon "";""Africa Research Bulletin (60: 11) ,2023-12-19,NIGERIA: Jihadists Infighting """,Zagazola;Zagazola;Crisis Watch ;The Punch;Agence France Presse;HumPurse;Africa Research Bulletin (60: 11),2023-11-18;2023-11-18;2023-12-06;2023-11-18;2023-11-20;2023-11-27;2023-12-19,"Scores of Boko Haram/ISWAP fighters killed in renewed clashes;Scores of Boko Haram/ISWAP fighters killed in renewed clashes;Nigeria: November 2023 ;Scores feared killed in Boko Haram, ISWAP clash;Scores feared dead in Nigeria jihadist infighting;#Cameroon ;NIGERIA: Jihadists Infighting","Ibrahim Liman, leader of an anti-jihadist militia in the region",2,Kirta Wulgo village,Tumbum Ali Island in Marte LGA,Borno state,Kukawa lga,12.793050,14.120870,POINT (14.12087 12.79305),147989,Nigeria,NGA,475,Africa,1,2,2023-11-17 00:00:00.000,2023-11-19 00:00:00.000,0,0,0,40,40,60,40,,
506821,AFG-2023-2-15023-27,2023,true,Clear,2,15023,13884,IS - JAS,15023,15023,IS - JAS,234,234,IS,1051,1051,JAS,2,"""Lake Chad Basin Weekly Security Update,2023-12-20,Lake Chad Basin Weekly Security Update 11-17 December 2023"";""Zagazola ,2023-12-17,Scores of terrorists killed as ISWAP/Boko Haram clash in NE""",Lake Chad Basin Weekly Security Update;Zagazola,2023-12-20;2023-12-17,Lake Chad Basin Weekly Security Update 11-17 December 2023;Scores of terrorists killed as ISWAP/Boko Haram clash in NE,,2,Kirta Wulgo village,"Tumbun Ali and Kaduna Ruwa (both said to be in Kukawa LGA, Borno State)",Borno state,Kukawa lga,12.793050,14.120870,POINT (14.12087 12.79305),147989,Nigeria,NGA,475,Africa,2,1,2023-12-17 00:00:00.000,2023-12-17 00:00:00.000,0,0,0,40,40,40,40,,
510502,AFG-2024-2-15023-0,2024,true,Clear,2,15023,13884,IS - JAS,15023,15023,IS - JAS,234,234,IS,1051,1051,JAS,1,"""Zagazola ,2024-01-16,Scores of Terrorists killed as ISWAP, Boko Haram clash in Lake Chad""",Zagazola,2024-01-16,"Scores of Terrorists killed as ISWAP, Boko Haram clash in Lake Chad",,5,Lake Chad area,"Islands of Kandahar and Kaduna Ruwa in the Lake Chad shores Kukawa, near the Nigerian Border with Cameroon",Borno state,,12.989201,13.832239,POINT (13.832239 12.989201),147988,Nigeria,NGA,475,Africa,1,1,2024-01-15 00:00:00.000,2024-01-15 00:00:00.000,5,1,0,0,6,6,6,,
510510,AFG-2024-2-15023-1,2024,true,Clear,2,15023,13884,IS - JAS,15023,15023,IS - JAS,234,234,IS,1051,1051,JAS,2,"""Zagazola ,2024-01-21,Infighting between ISWAP, Boko Haram rages as scores killed in renewed clashes"";""Lake Chad Basin Weekly Security Update ,2024-01-26,Lake Chad Basin Weekly Security Update 15-21 January 2024""",Zagazola ;Lake Chad Basin Weekly Security Update,2024-01-21;2024-01-26,"Infighting between ISWAP, Boko Haram rages as scores killed in renewed clashes;Lake Chad Basin Weekly Security Update 15-21 January 2024",,5,Lake Chad area,"Island of Tumbum Jaki, in Borno State",Borno state,,12.989201,13.832239,POINT (13.832239 12.989201),147988,Nigeria,NGA,475,Africa,1,2,2024-01-20 00:00:00.000,2024-01-21 00:00:00.000,3,0,0,0,3,3,2,,
510525,AFG-2024-2-15023-2,2024,true,Clear,2,15023,13884,IS - JAS,15023,15023,IS - JAS,234,234,IS,1051,1051,JAS,2,"""Lake Chad Basin Weekly Security Update,2024-02-09,Lake Chad Basin Weekly Security Update 22 January-4 February 2024"";""Zagazola ,2024-01-24,ISWAP Seeks Pound of Flesh, Takes Fight to Boko Haram Enclave as Deadly Clash Escalates""",Lake Chad Basin Weekly Security Update;Zagazola,2024-02-09;2024-01-24,"Lake Chad Basin Weekly Security Update 22 January-4 February 2024;ISWAP Seeks Pound of Flesh, Takes Fight to Boko Haram Enclave as Deadly Clash Escalates",,5,Lake Chad area,Tumbun Rago,Borno state,,12.989201,13.832239,POINT (13.832239 12.989201),147988,Nigeria,NGA,475,Africa,1,1,2024-01-22 00:00:00.000,2024-01-22 00:00:00.000,3,3,0,0,6,6,4,,
510540,AFG-2024-2-15023-3,2024,true,Clear,2,15023,13884,IS - JAS,15023,15023,IS - JAS,234,234,IS,1051,1051,JAS,2,"""Zagazola,2024-04-04,Boko Haram Buduma "";""Lake Chad Basin Weekly Security Update,2024-02-09,Lake Chad Basin Weekly Security Update 22 January-4 February 2024""",Zagazola;Lake Chad Basin Weekly Security Update,2024-04-04;2024-02-09,Boko Haram Buduma ;Lake Chad Basin Weekly Security Update 22 January-4 February 2024,,3,Kukawa lga,"Dabar Waya and Dabar Giwa and Dawashi, located south of Doron Baga in Kukawa LGA",Borno state,Kukawa lga,12.963090,13.608990,POINT (13.60899 12.96309),147988,Nigeria,NGA,475,Africa,2,1,2024-02-04 00:00:00.000,2024-02-04 00:00:00.000,3,3,0,0,6,6,4,,
517978,AFG-2024-2-15023-5,2024,true,Clear,2,15023,13884,IS - JAS,15023,15023,IS - JAS,234,234,IS,1051,1051,JAS,1,"""Zagazola ,2024-03-15,35 Boko Haram killed in clashes with ISWAP over territorial control """,Zagazola,2024-03-15,35 Boko Haram killed in clashes with ISWAP over territorial control,,5,Lake Chad area,Lake Chad area,Borno state,,12.989201,13.832239,POINT (13.832239 12.989201),147988,Nigeria,NGA,475,Africa,1,1,2024-03-09 00:00:00.000,2024-03-09 00:00:00.000,0,9,0,0,9,9,9,,
517979,AFG-2024-2-15023-6,2024,true,Clear,2,15023,13884,IS - JAS,15023,15023,IS - JAS,234,234,IS,1051,1051,JAS,1,"""Zagazola ,2024-03-15,35 Boko Haram killed in clashes with ISWAP over territorial control """,Zagazola,2024-03-15,35 Boko Haram killed in clashes with ISWAP over territorial control,,3,Kukawa lga,Tumbum Ali in Kukawa LGA,Borno state,Kukawa lga,12.963090,13.608990,POINT (13.60899 12.96309),147988,Nigeria,NGA,475,Africa,1,2,2024-03-12 00:00:00.000,2024-03-13 00:00:00.000,0,26,2,0,28,28,28,,
521307,AFG-2024-2-15023-8,2024,true,Clear,2,15023,13884,IS - JAS,15023,15023,IS - JAS,234,234,IS,1051,1051,JAS,1,"""Zagzola ,2024-04-24,Escalated ISWAP/Boko Haram Clashes Claim Over 100 Fighters""",Zagzola,2024-04-24,Escalated ISWAP/Boko Haram Clashes Claim Over 100 Fighters,,5,Lake Chad area,Lake Chad,Borno state,,12.989201,13.832239,POINT (13.832239 12.989201),147988,Nigeria,NGA,475,Africa,2,3,2024-04-18 00:00:00.000,2024-04-24 00:00:00.000,0,0,0,101,101,101,0,,
521314,AFG-2024-2-15023-9,2024,true,Clear,2,15023,13884,IS - JAS,15023,15023,IS - JAS,234,234,IS,1051,1051,JAS,2,"""Vanguard,2024-04-26,85 terrorists killed in Boko Haram, ISWAP clash in Borno"";""Zagazola ,2024-04-26,85 terrorists killed as Boko Haram, ISWAP clashes in Borno""",Vanguard;Zagazola,2024-04-26;2024-04-26,"85 terrorists killed in Boko Haram, ISWAP clash in Borno;85 terrorists killed as Boko Haram, ISWAP clashes in Borno",,5,Lake Chad area,North East of Lake Chad in Borno State,Borno state,,12.989201,13.832239,POINT (13.832239 12.989201),147988,Nigeria,NGA,475,Africa,1,2,2024-04-24 00:00:00.000,2024-04-25 00:00:00.000,0,0,0,85,85,85,0,,
521372,AFG-2024-2-15023-10,2024,true,Clear,2,15023,13884,IS - JAS,15023,15023,IS - JAS,234,234,IS,1051,1051,JAS,1,"""Zagzola,2024-04-27,Six Commanders of ISWAP/Boko Haram and scores of fighters  killed, 24 fighters captured alive in renewed clashes """,Zagzola,2024-04-27,"Six Commanders of ISWAP/Boko Haram and scores of fighters  killed, 24 fighters captured alive in renewed clashes",,5,Lake Chad area,"Tumbun Fulani, Lake Chad",Borno state,,12.989201,13.832239,POINT (13.832239 12.989201),147988,Nigeria,NGA,475,Africa,1,1,2024-04-26 00:00:00.000,2024-04-26 00:00:00.000,0,0,0,40,40,40,40,,
529894,AFG-2024-2-15023-11,2024,true,Clear,2,15023,13884,IS - JAS,15023,15023,IS - JAS,234,234,IS,1051,1051,JAS,3,"""Zagazola,2024-07-06,BREAKING: ISWAP and BUDUMA Fighters Engage in Fierce Battle in Kukawa LGA"";""Zagazola,2024-07-08,UPDATE: Rival Factions Clash: JAS Gains Upper Hand in Brutal Attack on ISWAP Fighters"";""Zagazola,2024-08-12,Over 100 ISWAP, Boko Haram killed as terrorists intensify fight of supremacy""",Zagazola;Zagazola;Zagazola,2024-07-06;2024-07-08;2024-08-12,"BREAKING: ISWAP and BUDUMA Fighters Engage in Fierce Battle in Kukawa LGA;UPDATE: Rival Factions Clash: JAS Gains Upper Hand in Brutal Attack on ISWAP Fighters;Over 100 ISWAP, Boko Haram killed as terrorists intensify fight of supremacy",,3,Kukawa lga,"Shuwari, Kwantan Kawule, and Toumbun Rogo areas, Kukawa Local Government Area",Borno state,Kukawa lga,12.963090,13.608990,POINT (13.60899 12.96309),147988,Nigeria,NGA,475,Africa,1,1,2024-07-06 00:00:00.000,2024-07-06 00:00:00.000,16,0,0,0,16,16,16,,
538630,AFG-2024-2-15023-13,2024,true,Clear,2,15023,13884,IS - JAS,15023,15023,IS - JAS,234,234,IS,1051,1051,JAS,1,"""Zagazola,2024-08-12,Over 100 ISWAP, Boko Haram killed as terrorists intensify fight of supremacy""",Zagazola,2024-08-12,"Over 100 ISWAP, Boko Haram killed as terrorists intensify fight of supremacy",,5,Lake Chad area,Dawashi Kwalta,Borno state,,12.989201,13.832239,POINT (13.832239 12.989201),147988,Nigeria,NGA,475,Africa,1,1,2024-07-08 00:00:00.000,2024-07-08 00:00:00.000,21,0,0,0,21,21,21,,
538628,AFG-2024-2-15023-12,2024,true,Clear,2,15023,13884,IS - JAS,15023,15023,IS - JAS,234,234,IS,1051,1051,JAS,1,"""Zagazola,2024-08-12,Over 100 ISWAP, Boko Haram killed as terrorists intensify fight of supremacy""",Zagazola,2024-08-12,"Over 100 ISWAP, Boko Haram killed as terrorists intensify fight of supremacy",,1,Tumbun Gini village,Island of Toumbun Gini in Abadam Local Government Area (LGA),Borno state,Abadam lga,13.375603,13.507019,POINT (13.507019 13.375603),148708,Nigeria,NGA,475,Africa,1,1,2024-08-02 00:00:00.000,2024-08-02 00:00:00.000,91,10,0,0,101,101,0,,
543352,AFG-2024-2-15023-16,2024,true,Clear,2,15023,13884,IS - JAS,15023,15023,IS - JAS,234,234,IS,1051,1051,JAS,2,"""Zagazola,2024-09-16,Scores of terrorists killed Rivalry Deepens Between ISWAP and JAS in Borno Amid Escalating Clashes "";""Crisis Watch,2024-10-04,Nigeria September 2024""",Zagazola;Crisis Watch,2024-09-16;2024-10-04,Scores of terrorists killed Rivalry Deepens Between ISWAP and JAS in Borno Amid Escalating Clashes ;Nigeria September 2024,Crisis Watch,5,Lake Chad area,"Gurnuwa and Laraba Mairari areas, southern Lake Chad Basin Region (LCRBA) of Borno State",Borno state,,12.989201,13.832239,POINT (13.832239 12.989201),147988,Nigeria,NGA,475,Africa,1,1,2024-09-15 00:00:00.000,2024-09-15 00:00:00.000,40,0,0,0,40,40,40,,
543358,AFG-2024-2-15023-17,2024,true,Clear,2,15023,13884,IS - JAS,15023,15023,IS - JAS,234,234,IS,1051,1051,JAS,1,"""Zagazola,2024-09-16,Scores of terrorists killed Rivalry Deepens Between ISWAP and JAS in Borno Amid Escalating Clashes""",Zagazola,2024-09-16,Scores of terrorists killed Rivalry Deepens Between ISWAP and JAS in Borno Amid Escalating Clashes,,2,Lingir village,"near Lingir, along the Monguno-Kukawa axis.",Borno state,Guzamala lga,12.687898,13.511536,POINT (13.511536 12.687898),147988,Nigeria,NGA,475,Africa,1,1,2024-09-16 00:00:00.000,2024-09-16 00:00:00.000,3,0,0,0,3,3,3,,
550768,AFG-2024-2-15023-18,2024,true,Clear,2,15023,13884,IS - JAS,15023,15023,IS - JAS,234,234,IS,1051,1051,JAS,1,"""Zagazola,2024-11-06,Rivalry Between Boko Haram and ISWAP Claims Top ISWAP Commander, Mallam Abdulrahman""",Zagazola,2024-11-06,"Rivalry Between Boko Haram and ISWAP Claims Top ISWAP Commander, Mallam Abdulrahman",,5,Lake Chad area,,Borno state,,12.989201,13.832239,POINT (13.832239 12.989201),147988,Nigeria,NGA,475,Africa,2,2,2024-11-03 00:00:00.000,2024-11-06 00:00:00.000,1,0,0,0,1,1,1,,
559277,AFG-2024-2-15023-20,2024,true,Clear,2,15023,13884,IS - JAS,15023,15023,IS - JAS,234,234,IS,1051,1051,JAS,1,"""Zagazola,2024-12-26,Boko Haram Fighters Launch Coordinated Assaults on ISWAP Camps, killing scores in Borno""",Zagazola,2024-12-26,"Boko Haram Fighters Launch Coordinated Assaults on ISWAP Camps, killing scores in Borno",,5,Lake Chad area,"Toumbun Gini, Mangari, Toumbun Saje, and Metele",Borno state,,12.989201,13.832239,POINT (13.832239 12.989201),147988,Nigeria,NGA,475,Africa,2,2,2024-12-23 00:00:00.000,2024-12-24 00:00:00.000,40,0,0,0,40,40,40,,
